2026-07-12T19:52:55.278-04:00  INFO 6964 --- [ms-carrito] [main] c.e.m.controller.CarritoControllerTest   : Starting CarritoControllerTest using Java 21.0.8 with PID 6964 (started by Usuario in C:\Users\Usuario\Desktop\Prueba_2_final-main_jacoco_completo\ms-carrito)
2026-07-12T19:52:55.282-04:00 DEBUG 6964 --- [ms-carrito] [main] c.e.m.controller.CarritoControllerTest   : Running with Spring Boot v3.4.4, Spring v6.2.5
2026-07-12T19:52:55.282-04:00  INFO 6964 --- [ms-carrito] [main] c.e.m.controller.CarritoControllerTest   : No active profile set, falling back to 1 default profile: "default"
2026-07-12T19:52:57.834-04:00  WARN 6964 --- [ms-carrito] [main] r$InitializeUserDetailsManagerConfigurer : Found 2 UserDetailsService beans, with names [inMemoryUserDetailsManager, com.example.ms_carrito.service.CustomUserDetailsService#0]. Global Authentication Manager will not use a UserDetailsService for username/password login. Consider publishing a single UserDetailsService bean.
2026-07-12T19:52:58.074-04:00  WARN 6964 --- [ms-carrito] [main] .s.s.UserDetailsServiceAutoConfiguration : 

Using generated security password: 94b513af-2d66-4963-a7fc-59911556aa75

This generated password is for development use only. Your security configuration must be updated before running your application in production.

2026-07-12T19:52:58.151-04:00 DEBUG 6964 --- [ms-carrito] [main] c.e.m.security.filter.JwtAuthFilter      : Filter 'jwtAuthFilter' configured for use
2026-07-12T19:52:58.160-04:00  INFO 6964 --- [ms-carrito] [main] o.s.b.t.m.w.SpringBootMockServletContext : Initializing Spring TestDispatcherServlet ''
2026-07-12T19:52:58.162-04:00  INFO 6964 --- [ms-carrito] [main] o.s.t.web.servlet.TestDispatcherServlet  : Initializing Servlet ''
2026-07-12T19:52:58.163-04:00  INFO 6964 --- [ms-carrito] [main] o.s.t.web.servlet.TestDispatcherServlet  : Completed initialization in 1 ms
2026-07-12T19:52:58.367-04:00  INFO 6964 --- [ms-carrito] [main] c.e.m.controller.CarritoControllerTest   : Started CarritoControllerTest in 5.167 seconds (process running for 11.006)
2026-07-12T19:52:58.483-04:00 DEBUG 6964 --- [ms-carrito] [main] c.e.m.security.filter.JwtAuthFilter      : No se encontró token Bearer
2026-07-12T19:52:58.703-04:00  INFO 6964 --- [ms-carrito] [main] c.e.m.controller.CarritoController       : Agregando item al carrito del usuario: testuser, producto: 1
2026-07-12T19:52:59.113-04:00 DEBUG 6964 --- [ms-carrito] [main] c.e.m.security.filter.JwtAuthFilter      : No se encontró token Bearer
2026-07-12T19:52:59.113-04:00  INFO 6964 --- [ms-carrito] [main] c.e.m.controller.CarritoController       : Eliminando producto 1 del carrito de testuser
2026-07-12T19:52:59.134-04:00 DEBUG 6964 --- [ms-carrito] [main] c.e.m.security.filter.JwtAuthFilter      : No se encontró token Bearer
2026-07-12T19:52:59.139-04:00  INFO 6964 --- [ms-carrito] [main] c.e.m.controller.CarritoController       : Actualizando cantidad del producto 1 a 3 para usuario testuser
2026-07-12T19:52:59.158-04:00 DEBUG 6964 --- [ms-carrito] [main] c.e.m.security.filter.JwtAuthFilter      : No se encontró token Bearer
2026-07-12T19:52:59.162-04:00  INFO 6964 --- [ms-carrito] [main] c.e.m.controller.CarritoController       : Limpiando carrito del usuario: testuser
2026-07-12T19:52:59.178-04:00 DEBUG 6964 --- [ms-carrito] [main] c.e.m.security.filter.JwtAuthFilter      : No se encontró token Bearer
2026-07-12T19:52:59.180-04:00  INFO 6964 --- [ms-carrito] [main] c.e.m.controller.CarritoController       : Obteniendo carrito del usuario: testuser
2026-07-12T19:52:59.210-04:00  INFO 6964 --- [ms-carrito] [main] t.c.s.AnnotationConfigContextLoaderUtils : Could not detect default configuration classes for test class [com.example.ms_carrito.MsCarritoApplicationTests]: MsCarritoApplicationTests does not declare any static, non-private, non-final, nested classes annotated with @Configuration.
2026-07-12T19:52:59.239-04:00  INFO 6964 --- [ms-carrito] [main] .b.t.c.SpringBootTestContextBootstrapper : Found @SpringBootConfiguration com.example.ms_carrito.MsCarritoApplication for test class com.example.ms_carrito.MsCarritoApplicationTests
2026-07-12T19:53:00.342-04:00  INFO 6964 --- [ms-carrito] [main] c.e.m.MsCarritoApplicationTests          : Starting MsCarritoApplicationTests using Java 21.0.8 with PID 6964 (started by Usuario in C:\Users\Usuario\Desktop\Prueba_2_final-main_jacoco_completo\ms-carrito)
2026-07-12T19:53:00.344-04:00 DEBUG 6964 --- [ms-carrito] [main] c.e.m.MsCarritoApplicationTests          : Running with Spring Boot v3.4.4, Spring v6.2.5
2026-07-12T19:53:00.344-04:00  INFO 6964 --- [ms-carrito] [main] c.e.m.MsCarritoApplicationTests          : The following 1 profile is active: "test"
2026-07-12T19:53:01.049-04:00  INFO 6964 --- [ms-carrito] [main] .s.d.r.c.RepositoryConfigurationDelegate : Bootstrapping Spring Data JPA repositories in DEFAULT mode.
2026-07-12T19:53:01.124-04:00  INFO 6964 --- [ms-carrito] [main] .s.d.r.c.RepositoryConfigurationDelegate : Finished Spring Data repository scanning in 65 ms. Found 1 JPA repository interface.
2026-07-12T19:53:01.398-04:00  INFO 6964 --- [ms-carrito] [main] o.s.cloud.context.scope.GenericScope     : BeanFactory id=204ac420-8a9c-3231-8191-ed3a6efb4a20
2026-07-12T19:53:01.854-04:00  INFO 6964 --- [ms-carrito] [main] o.hibernate.jpa.internal.util.LogHelper  : HHH000204: Processing PersistenceUnitInfo [name: default]
2026-07-12T19:53:01.993-04:00  INFO 6964 --- [ms-carrito] [main] org.hibernate.Version                    : HHH000412: Hibernate ORM core version 6.6.11.Final
2026-07-12T19:53:02.079-04:00  INFO 6964 --- [ms-carrito] [main] o.h.c.internal.RegionFactoryInitiator    : HHH000026: Second-level cache disabled
2026-07-12T19:53:02.323-04:00  INFO 6964 --- [ms-carrito] [main] o.s.o.j.p.SpringPersistenceUnitInfo      : No LoadTimeWeaver setup: ignoring JPA class transformer
2026-07-12T19:53:02.373-04:00  INFO 6964 --- [ms-carrito] [main] com.zaxxer.hikari.HikariDataSource       : HikariPool-1 - Starting...
2026-07-12T19:53:02.808-04:00  INFO 6964 --- [ms-carrito] [main] com.zaxxer.hikari.pool.HikariPool        : HikariPool-1 - Added connection conn0: url=jdbc:h2:mem:testdb user=SA
2026-07-12T19:53:02.808-04:00  INFO 6964 --- [ms-carrito] [main] com.zaxxer.hikari.HikariDataSource       : HikariPool-1 - Start completed.
2026-07-12T19:53:02.933-04:00  INFO 6964 --- [ms-carrito] [main] org.hibernate.orm.connections.pooling    : HHH10001005: Database info:
	Database JDBC URL [Connecting through datasource 'HikariDataSource (HikariPool-1)']
	Database driver: undefined/unknown
	Database version: 2.3.232
	Autocommit mode: undefined/unknown
	Isolation level: undefined/unknown
	Minimum pool size: undefined/unknown
	Maximum pool size: undefined/unknown
2026-07-12T19:53:04.443-04:00  INFO 6964 --- [ms-carrito] [main] o.h.e.t.j.p.i.JtaPlatformInitiator       : HHH000489: No JTA platform available (set 'hibernate.transaction.jta.platform' to enable JTA platform integration)
2026-07-12T19:53:04.533-04:00  INFO 6964 --- [ms-carrito] [main] j.LocalContainerEntityManagerFactoryBean : Initialized JPA EntityManagerFactory for persistence unit 'default'
2026-07-12T19:53:05.313-04:00  WARN 6964 --- [ms-carrito] [main] JpaBaseConfiguration$JpaWebConfiguration : spring.jpa.open-in-view is enabled by default. Therefore, database queries may be performed during view rendering. Explicitly configure spring.jpa.open-in-view to disable this warning
2026-07-12T19:53:05.423-04:00  INFO 6964 --- [ms-carrito] [main] r$InitializeUserDetailsManagerConfigurer : Global AuthenticationManager configured with UserDetailsService bean with name customUserDetailsService
2026-07-12T19:53:07.128-04:00  INFO 6964 --- [ms-carrito] [main] o.s.cloud.commons.util.InetUtils         : Cannot determine local hostname
2026-07-12T19:53:07.143-04:00  INFO 6964 --- [ms-carrito] [main] DiscoveryClientOptionalArgsConfiguration : Eureka HTTP Client uses RestTemplate.
2026-07-12T19:53:07.193-04:00  WARN 6964 --- [ms-carrito] [main] iguration$LoadBalancerCaffeineWarnLogger : Spring Cloud LoadBalancer is currently working with the default cache. While this cache implementation is useful for development and tests, it's recommended to use Caffeine cache in production.You can switch to using Caffeine cache, by adding it and org.springframework.cache.caffeine.CaffeineCacheManager to the classpath.
2026-07-12T19:53:07.214-04:00  INFO 6964 --- [ms-carrito] [main] c.e.m.MsCarritoApplicationTests          : Started MsCarritoApplicationTests in 7.941 seconds (process running for 19.853)
2026-07-12T19:53:07.649-04:00  INFO 6964 --- [ms-carrito] [SpringApplicationShutdownHook] j.LocalContainerEntityManagerFactoryBean : Closing JPA EntityManagerFactory for persistence unit 'default'
2026-07-12T19:53:07.658-04:00  INFO 6964 --- [ms-carrito] [SpringApplicationShutdownHook] com.zaxxer.hikari.HikariDataSource       : HikariPool-1 - Shutdown initiated...
2026-07-12T19:53:07.658-04:00  INFO 6964 --- [ms-carrito] [SpringApplicationShutdownHook] com.zaxxer.hikari.HikariDataSource       : HikariPool-1 - Shutdown completed.
2026-07-12T19:56:59.539-04:00  INFO 7072 --- [ms-carrito] [main] c.e.m.controller.CarritoControllerTest   : Starting CarritoControllerTest using Java 21.0.8 with PID 7072 (started by Usuario in C:\Users\Usuario\Desktop\Prueba_2_final-main_jacoco_completo\ms-carrito)
2026-07-12T19:56:59.541-04:00 DEBUG 7072 --- [ms-carrito] [main] c.e.m.controller.CarritoControllerTest   : Running with Spring Boot v3.4.4, Spring v6.2.5
2026-07-12T19:56:59.544-04:00  INFO 7072 --- [ms-carrito] [main] c.e.m.controller.CarritoControllerTest   : No active profile set, falling back to 1 default profile: "default"
2026-07-12T19:57:02.882-04:00  WARN 7072 --- [ms-carrito] [main] r$InitializeUserDetailsManagerConfigurer : Found 2 UserDetailsService beans, with names [inMemoryUserDetailsManager, com.example.ms_carrito.service.CustomUserDetailsService#0]. Global Authentication Manager will not use a UserDetailsService for username/password login. Consider publishing a single UserDetailsService bean.
2026-07-12T19:57:03.129-04:00  WARN 7072 --- [ms-carrito] [main] .s.s.UserDetailsServiceAutoConfiguration : 

Using generated security password: e141d381-e96a-4c32-aafc-435b8ead277b

This generated password is for development use only. Your security configuration must be updated before running your application in production.

2026-07-12T19:57:03.206-04:00 DEBUG 7072 --- [ms-carrito] [main] c.e.m.security.filter.JwtAuthFilter      : Filter 'jwtAuthFilter' configured for use
2026-07-12T19:57:03.216-04:00  INFO 7072 --- [ms-carrito] [main] o.s.b.t.m.w.SpringBootMockServletContext : Initializing Spring TestDispatcherServlet ''
2026-07-12T19:57:03.216-04:00  INFO 7072 --- [ms-carrito] [main] o.s.t.web.servlet.TestDispatcherServlet  : Initializing Servlet ''
2026-07-12T19:57:03.218-04:00  INFO 7072 --- [ms-carrito] [main] o.s.t.web.servlet.TestDispatcherServlet  : Completed initialization in 2 ms
2026-07-12T19:57:03.413-04:00  INFO 7072 --- [ms-carrito] [main] c.e.m.controller.CarritoControllerTest   : Started CarritoControllerTest in 6.301 seconds (process running for 13.843)
2026-07-12T19:57:03.523-04:00 DEBUG 7072 --- [ms-carrito] [main] c.e.m.security.filter.JwtAuthFilter      : No se encontró token Bearer
2026-07-12T19:57:03.788-04:00  INFO 7072 --- [ms-carrito] [main] c.e.m.controller.CarritoController       : Agregando item al carrito del usuario: testuser, producto: 1
2026-07-12T19:57:04.247-04:00 DEBUG 7072 --- [ms-carrito] [main] c.e.m.security.filter.JwtAuthFilter      : No se encontró token Bearer
2026-07-12T19:57:04.249-04:00  INFO 7072 --- [ms-carrito] [main] c.e.m.controller.CarritoController       : Eliminando producto 1 del carrito de testuser
2026-07-12T19:57:04.263-04:00 DEBUG 7072 --- [ms-carrito] [main] c.e.m.security.filter.JwtAuthFilter      : No se encontró token Bearer
2026-07-12T19:57:04.263-04:00  INFO 7072 --- [ms-carrito] [main] c.e.m.controller.CarritoController       : Actualizando cantidad del producto 1 a 3 para usuario testuser
2026-07-12T19:57:04.283-04:00 DEBUG 7072 --- [ms-carrito] [main] c.e.m.security.filter.JwtAuthFilter      : No se encontró token Bearer
2026-07-12T19:57:04.283-04:00  INFO 7072 --- [ms-carrito] [main] c.e.m.controller.CarritoController       : Limpiando carrito del usuario: testuser
2026-07-12T19:57:04.293-04:00 DEBUG 7072 --- [ms-carrito] [main] c.e.m.security.filter.JwtAuthFilter      : No se encontró token Bearer
2026-07-12T19:57:04.293-04:00  INFO 7072 --- [ms-carrito] [main] c.e.m.controller.CarritoController       : Obteniendo carrito del usuario: testuser
2026-07-12T19:57:04.323-04:00  INFO 7072 --- [ms-carrito] [main] t.c.s.AnnotationConfigContextLoaderUtils : Could not detect default configuration classes for test class [com.example.ms_carrito.MsCarritoApplicationTests]: MsCarritoApplicationTests does not declare any static, non-private, non-final, nested classes annotated with @Configuration.
2026-07-12T19:57:04.343-04:00  INFO 7072 --- [ms-carrito] [main] .b.t.c.SpringBootTestContextBootstrapper : Found @SpringBootConfiguration com.example.ms_carrito.MsCarritoApplication for test class com.example.ms_carrito.MsCarritoApplicationTests
2026-07-12T19:57:05.415-04:00  INFO 7072 --- [ms-carrito] [main] c.e.m.MsCarritoApplicationTests          : Starting MsCarritoApplicationTests using Java 21.0.8 with PID 7072 (started by Usuario in C:\Users\Usuario\Desktop\Prueba_2_final-main_jacoco_completo\ms-carrito)
2026-07-12T19:57:05.415-04:00 DEBUG 7072 --- [ms-carrito] [main] c.e.m.MsCarritoApplicationTests          : Running with Spring Boot v3.4.4, Spring v6.2.5
2026-07-12T19:57:05.415-04:00  INFO 7072 --- [ms-carrito] [main] c.e.m.MsCarritoApplicationTests          : The following 1 profile is active: "test"
2026-07-12T19:57:06.236-04:00  INFO 7072 --- [ms-carrito] [main] .s.d.r.c.RepositoryConfigurationDelegate : Bootstrapping Spring Data JPA repositories in DEFAULT mode.
2026-07-12T19:57:06.317-04:00  INFO 7072 --- [ms-carrito] [main] .s.d.r.c.RepositoryConfigurationDelegate : Finished Spring Data repository scanning in 65 ms. Found 1 JPA repository interface.
2026-07-12T19:57:06.573-04:00  INFO 7072 --- [ms-carrito] [main] o.s.cloud.context.scope.GenericScope     : BeanFactory id=204ac420-8a9c-3231-8191-ed3a6efb4a20
2026-07-12T19:57:06.948-04:00  INFO 7072 --- [ms-carrito] [main] o.hibernate.jpa.internal.util.LogHelper  : HHH000204: Processing PersistenceUnitInfo [name: default]
2026-07-12T19:57:07.037-04:00  INFO 7072 --- [ms-carrito] [main] org.hibernate.Version                    : HHH000412: Hibernate ORM core version 6.6.11.Final
2026-07-12T19:57:07.113-04:00  INFO 7072 --- [ms-carrito] [main] o.h.c.internal.RegionFactoryInitiator    : HHH000026: Second-level cache disabled
2026-07-12T19:57:07.373-04:00  INFO 7072 --- [ms-carrito] [main] o.s.o.j.p.SpringPersistenceUnitInfo      : No LoadTimeWeaver setup: ignoring JPA class transformer
2026-07-12T19:57:07.426-04:00  INFO 7072 --- [ms-carrito] [main] com.zaxxer.hikari.HikariDataSource       : HikariPool-1 - Starting...
2026-07-12T19:57:07.837-04:00  INFO 7072 --- [ms-carrito] [main] com.zaxxer.hikari.pool.HikariPool        : HikariPool-1 - Added connection conn0: url=jdbc:h2:mem:testdb user=SA
2026-07-12T19:57:07.837-04:00  INFO 7072 --- [ms-carrito] [main] com.zaxxer.hikari.HikariDataSource       : HikariPool-1 - Start completed.
2026-07-12T19:57:07.958-04:00  INFO 7072 --- [ms-carrito] [main] org.hibernate.orm.connections.pooling    : HHH10001005: Database info:
	Database JDBC URL [Connecting through datasource 'HikariDataSource (HikariPool-1)']
	Database driver: undefined/unknown
	Database version: 2.3.232
	Autocommit mode: undefined/unknown
	Isolation level: undefined/unknown
	Minimum pool size: undefined/unknown
	Maximum pool size: undefined/unknown
2026-07-12T19:57:09.356-04:00  INFO 7072 --- [ms-carrito] [main] o.h.e.t.j.p.i.JtaPlatformInitiator       : HHH000489: No JTA platform available (set 'hibernate.transaction.jta.platform' to enable JTA platform integration)
2026-07-12T19:57:09.433-04:00  INFO 7072 --- [ms-carrito] [main] j.LocalContainerEntityManagerFactoryBean : Initialized JPA EntityManagerFactory for persistence unit 'default'
2026-07-12T19:57:10.231-04:00  WARN 7072 --- [ms-carrito] [main] JpaBaseConfiguration$JpaWebConfiguration : spring.jpa.open-in-view is enabled by default. Therefore, database queries may be performed during view rendering. Explicitly configure spring.jpa.open-in-view to disable this warning
2026-07-12T19:57:10.336-04:00  INFO 7072 --- [ms-carrito] [main] r$InitializeUserDetailsManagerConfigurer : Global AuthenticationManager configured with UserDetailsService bean with name customUserDetailsService
2026-07-12T19:57:11.997-04:00  INFO 7072 --- [ms-carrito] [main] o.s.cloud.commons.util.InetUtils         : Cannot determine local hostname
2026-07-12T19:57:12.003-04:00  INFO 7072 --- [ms-carrito] [main] DiscoveryClientOptionalArgsConfiguration : Eureka HTTP Client uses RestTemplate.
2026-07-12T19:57:12.053-04:00  WARN 7072 --- [ms-carrito] [main] iguration$LoadBalancerCaffeineWarnLogger : Spring Cloud LoadBalancer is currently working with the default cache. While this cache implementation is useful for development and tests, it's recommended to use Caffeine cache in production.You can switch to using Caffeine cache, by adding it and org.springframework.cache.caffeine.CaffeineCacheManager to the classpath.
2026-07-12T19:57:12.076-04:00  INFO 7072 --- [ms-carrito] [main] c.e.m.MsCarritoApplicationTests          : Started MsCarritoApplicationTests in 7.726 seconds (process running for 22.506)
2026-07-12T19:57:12.499-04:00  INFO 7072 --- [ms-carrito] [SpringApplicationShutdownHook] j.LocalContainerEntityManagerFactoryBean : Closing JPA EntityManagerFactory for persistence unit 'default'
2026-07-12T19:57:12.503-04:00  INFO 7072 --- [ms-carrito] [SpringApplicationShutdownHook] com.zaxxer.hikari.HikariDataSource       : HikariPool-1 - Shutdown initiated...
2026-07-12T19:57:12.507-04:00  INFO 7072 --- [ms-carrito] [SpringApplicationShutdownHook] com.zaxxer.hikari.HikariDataSource       : HikariPool-1 - Shutdown completed.
2026-07-12T19:59:53.869-04:00  INFO 9948 --- [ms-carrito] [main] c.e.m.c.CarritoAdminControllerTest       : Starting CarritoAdminControllerTest using Java 21.0.8 with PID 9948 (started by Usuario in C:\Users\Usuario\Desktop\Prueba_2_final-main_jacoco_completo\ms-carrito)
2026-07-12T19:59:53.871-04:00 DEBUG 9948 --- [ms-carrito] [main] c.e.m.c.CarritoAdminControllerTest       : Running with Spring Boot v3.4.4, Spring v6.2.5
2026-07-12T19:59:53.872-04:00  INFO 9948 --- [ms-carrito] [main] c.e.m.c.CarritoAdminControllerTest       : No active profile set, falling back to 1 default profile: "default"
2026-07-12T19:59:56.502-04:00  WARN 9948 --- [ms-carrito] [main] r$InitializeUserDetailsManagerConfigurer : Found 2 UserDetailsService beans, with names [inMemoryUserDetailsManager, com.example.ms_carrito.service.CustomUserDetailsService#0]. Global Authentication Manager will not use a UserDetailsService for username/password login. Consider publishing a single UserDetailsService bean.
2026-07-12T19:59:56.762-04:00  WARN 9948 --- [ms-carrito] [main] .s.s.UserDetailsServiceAutoConfiguration : 

Using generated security password: 0aaa18f8-801d-444e-b5d9-2ef1d94459c6

This generated password is for development use only. Your security configuration must be updated before running your application in production.

2026-07-12T19:59:56.862-04:00 DEBUG 9948 --- [ms-carrito] [main] c.e.m.security.filter.JwtAuthFilter      : Filter 'jwtAuthFilter' configured for use
2026-07-12T19:59:56.872-04:00  INFO 9948 --- [ms-carrito] [main] o.s.b.t.m.w.SpringBootMockServletContext : Initializing Spring TestDispatcherServlet ''
2026-07-12T19:59:56.872-04:00  INFO 9948 --- [ms-carrito] [main] o.s.t.web.servlet.TestDispatcherServlet  : Initializing Servlet ''
2026-07-12T19:59:56.872-04:00  INFO 9948 --- [ms-carrito] [main] o.s.t.web.servlet.TestDispatcherServlet  : Completed initialization in 0 ms
2026-07-12T19:59:57.074-04:00  INFO 9948 --- [ms-carrito] [main] c.e.m.c.CarritoAdminControllerTest       : Started CarritoAdminControllerTest in 5.693 seconds (process running for 13.228)
2026-07-12T19:59:57.189-04:00 DEBUG 9948 --- [ms-carrito] [main] c.e.m.security.filter.JwtAuthFilter      : No se encontró token Bearer
2026-07-12T19:59:57.222-04:00 ERROR 9948 --- [ms-carrito] [main] c.e.m.exception.GlobalExceptionHandler   : Error inesperado: Required URI template variable 'Id' for method parameter type Long is not present

org.springframework.web.bind.MissingPathVariableException: Required URI template variable 'Id' for method parameter type Long is not present
	at org.springframework.web.servlet.mvc.method.annotation.PathVariableMethodArgumentResolver.handleMissingValue(PathVariableMethodArgumentResolver.java:101) ~[spring-webmvc-6.2.5.jar:6.2.5]
	at org.springframework.web.method.annotation.AbstractNamedValueMethodArgumentResolver.handleMissingValue(AbstractNamedValueMethodArgumentResolver.java:234) ~[spring-web-6.2.5.jar:6.2.5]
	at org.springframework.web.method.annotation.AbstractNamedValueMethodArgumentResolver.resolveArgument(AbstractNamedValueMethodArgumentResolver.java:125) ~[spring-web-6.2.5.jar:6.2.5]
	at org.springframework.web.method.support.HandlerMethodArgumentResolverComposite.resolveArgument(HandlerMethodArgumentResolverComposite.java:122) ~[spring-web-6.2.5.jar:6.2.5]
	at org.springframework.web.method.support.InvocableHandlerMethod.getMethodArgumentValues(InvocableHandlerMethod.java:227) ~[spring-web-6.2.5.jar:6.2.5]
	at org.springframework.web.method.support.InvocableHandlerMethod.invokeForRequest(InvocableHandlerMethod.java:181) ~[spring-web-6.2.5.jar:6.2.5]
	at org.springframework.web.servlet.mvc.method.annotation.ServletInvocableHandlerMethod.invokeAndHandle(ServletInvocableHandlerMethod.java:118) ~[spring-webmvc-6.2.5.jar:6.2.5]
	at org.springframework.web.servlet.mvc.method.annotation.RequestMappingHandlerAdapter.invokeHandlerMethod(RequestMappingHandlerAdapter.java:986) ~[spring-webmvc-6.2.5.jar:6.2.5]
	at org.springframework.web.servlet.mvc.method.annotation.RequestMappingHandlerAdapter.handleInternal(RequestMappingHandlerAdapter.java:891) ~[spring-webmvc-6.2.5.jar:6.2.5]
	at org.springframework.web.servlet.mvc.method.AbstractHandlerMethodAdapter.handle(AbstractHandlerMethodAdapter.java:87) ~[spring-webmvc-6.2.5.jar:6.2.5]
	at org.springframework.web.servlet.DispatcherServlet.doDispatch(DispatcherServlet.java:1089) ~[spring-webmvc-6.2.5.jar:6.2.5]
	at org.springframework.web.servlet.DispatcherServlet.doService(DispatcherServlet.java:979) ~[spring-webmvc-6.2.5.jar:6.2.5]
	at org.springframework.web.servlet.FrameworkServlet.processRequest(FrameworkServlet.java:1014) ~[spring-webmvc-6.2.5.jar:6.2.5]
	at org.springframework.web.servlet.FrameworkServlet.doGet(FrameworkServlet.java:903) ~[spring-webmvc-6.2.5.jar:6.2.5]
	at jakarta.servlet.http.HttpServlet.service(HttpServlet.java:564) ~[tomcat-embed-core-10.1.39.jar:6.0]
	at org.springframework.web.servlet.FrameworkServlet.service(FrameworkServlet.java:885) ~[spring-webmvc-6.2.5.jar:6.2.5]
	at org.springframework.test.web.servlet.TestDispatcherServlet.service(TestDispatcherServlet.java:72) ~[spring-test-6.2.5.jar:6.2.5]
	at jakarta.servlet.http.HttpServlet.service(HttpServlet.java:658) ~[tomcat-embed-core-10.1.39.jar:6.0]
	at org.springframework.mock.web.MockFilterChain$ServletFilterProxy.doFilter(MockFilterChain.java:165) ~[spring-test-6.2.5.jar:6.2.5]
	at org.springframework.mock.web.MockFilterChain.doFilter(MockFilterChain.java:132) ~[spring-test-6.2.5.jar:6.2.5]
	at com.example.ms_carrito.security.filter.JwtAuthFilter.doFilterInternal(JwtAuthFilter.java:40) ~[classes/:na]
	at org.springframework.web.filter.OncePerRequestFilter.doFilter(OncePerRequestFilter.java:116) ~[spring-web-6.2.5.jar:6.2.5]
	at org.springframework.test.web.servlet.setup.MockMvcFilterDecorator.doFilter(MockMvcFilterDecorator.java:162) ~[spring-test-6.2.5.jar:6.2.5]
	at org.springframework.mock.web.MockFilterChain.doFilter(MockFilterChain.java:132) ~[spring-test-6.2.5.jar:6.2.5]
	at org.springframework.web.filter.CompositeFilter$VirtualFilterChain.doFilter(CompositeFilter.java:108) ~[spring-web-6.2.5.jar:6.2.5]
	at org.springframework.security.web.FilterChainProxy.lambda$doFilterInternal$3(FilterChainProxy.java:231) ~[spring-security-web-6.4.4.jar:6.4.4]
	at org.springframework.security.web.FilterChainProxy$VirtualFilterChain.doFilter(FilterChainProxy.java:365) ~[spring-security-web-6.4.4.jar:6.4.4]
	at org.springframework.security.web.access.intercept.AuthorizationFilter.doFilter(AuthorizationFilter.java:101) ~[spring-security-web-6.4.4.jar:6.4.4]
	at org.springframework.security.web.FilterChainProxy$VirtualFilterChain.doFilter(FilterChainProxy.java:374) ~[spring-security-web-6.4.4.jar:6.4.4]
	at org.springframework.security.web.access.ExceptionTranslationFilter.doFilter(ExceptionTranslationFilter.java:126) ~[spring-security-web-6.4.4.jar:6.4.4]
	at org.springframework.security.web.access.ExceptionTranslationFilter.doFilter(ExceptionTranslationFilter.java:120) ~[spring-security-web-6.4.4.jar:6.4.4]
	at org.springframework.security.web.FilterChainProxy$VirtualFilterChain.doFilter(FilterChainProxy.java:374) ~[spring-security-web-6.4.4.jar:6.4.4]
	at org.springframework.security.web.authentication.AnonymousAuthenticationFilter.doFilter(AnonymousAuthenticationFilter.java:100) ~[spring-security-web-6.4.4.jar:6.4.4]
	at org.springframework.security.web.FilterChainProxy$VirtualFilterChain.doFilter(FilterChainProxy.java:374) ~[spring-security-web-6.4.4.jar:6.4.4]
	at org.springframework.security.web.servletapi.SecurityContextHolderAwareRequestFilter.doFilter(SecurityContextHolderAwareRequestFilter.java:179) ~[spring-security-web-6.4.4.jar:6.4.4]
	at org.springframework.security.web.FilterChainProxy$VirtualFilterChain.doFilter(FilterChainProxy.java:374) ~[spring-security-web-6.4.4.jar:6.4.4]
	at org.springframework.security.web.savedrequest.RequestCacheAwareFilter.doFilter(RequestCacheAwareFilter.java:63) ~[spring-security-web-6.4.4.jar:6.4.4]
	at org.springframework.security.web.FilterChainProxy$VirtualFilterChain.doFilter(FilterChainProxy.java:374) ~[spring-security-web-6.4.4.jar:6.4.4]
	at org.springframework.security.web.authentication.www.BasicAuthenticationFilter.doFilterInternal(BasicAuthenticationFilter.java:181) ~[spring-security-web-6.4.4.jar:6.4.4]
	at org.springframework.web.filter.OncePerRequestFilter.doFilter(OncePerRequestFilter.java:116) ~[spring-web-6.2.5.jar:6.2.5]
	at org.springframework.security.web.FilterChainProxy$VirtualFilterChain.doFilter(FilterChainProxy.java:374) ~[spring-security-web-6.4.4.jar:6.4.4]
	at org.springframework.security.web.authentication.ui.DefaultLogoutPageGeneratingFilter.doFilterInternal(DefaultLogoutPageGeneratingFilter.java:58) ~[spring-security-web-6.4.4.jar:6.4.4]
	at org.springframework.web.filter.OncePerRequestFilter.doFilter(OncePerRequestFilter.java:116) ~[spring-web-6.2.5.jar:6.2.5]
	at org.springframework.security.web.FilterChainProxy$VirtualFilterChain.doFilter(FilterChainProxy.java:374) ~[spring-security-web-6.4.4.jar:6.4.4]
	at org.springframework.security.web.authentication.ui.DefaultLoginPageGeneratingFilter.doFilter(DefaultLoginPageGeneratingFilter.java:220) ~[spring-security-web-6.4.4.jar:6.4.4]
	at org.springframework.security.web.authentication.ui.DefaultLoginPageGeneratingFilter.doFilter(DefaultLoginPageGeneratingFilter.java:206) ~[spring-security-web-6.4.4.jar:6.4.4]
	at org.springframework.security.web.FilterChainProxy$VirtualFilterChain.doFilter(FilterChainProxy.java:374) ~[spring-security-web-6.4.4.jar:6.4.4]
	at org.springframework.security.web.authentication.ui.DefaultResourcesFilter.doFilter(DefaultResourcesFilter.java:72) ~[spring-security-web-6.4.4.jar:6.4.4]
	at org.springframework.security.web.FilterChainProxy$VirtualFilterChain.doFilter(FilterChainProxy.java:374) ~[spring-security-web-6.4.4.jar:6.4.4]
	at org.springframework.security.web.authentication.AbstractAuthenticationProcessingFilter.doFilter(AbstractAuthenticationProcessingFilter.java:227) ~[spring-security-web-6.4.4.jar:6.4.4]
	at org.springframework.security.web.authentication.AbstractAuthenticationProcessingFilter.doFilter(AbstractAuthenticationProcessingFilter.java:221) ~[spring-security-web-6.4.4.jar:6.4.4]
	at org.springframework.security.web.FilterChainProxy$VirtualFilterChain.doFilter(FilterChainProxy.java:374) ~[spring-security-web-6.4.4.jar:6.4.4]
	at org.springframework.security.web.authentication.logout.LogoutFilter.doFilter(LogoutFilter.java:107) ~[spring-security-web-6.4.4.jar:6.4.4]
	at org.springframework.security.web.authentication.logout.LogoutFilter.doFilter(LogoutFilter.java:93) ~[spring-security-web-6.4.4.jar:6.4.4]
	at org.springframework.security.web.FilterChainProxy$VirtualFilterChain.doFilter(FilterChainProxy.java:374) ~[spring-security-web-6.4.4.jar:6.4.4]
	at org.springframework.security.web.csrf.CsrfFilter.doFilterInternal(CsrfFilter.java:117) ~[spring-security-web-6.4.4.jar:6.4.4]
	at org.springframework.web.filter.OncePerRequestFilter.doFilter(OncePerRequestFilter.java:116) ~[spring-web-6.2.5.jar:6.2.5]
	at org.springframework.security.web.FilterChainProxy$VirtualFilterChain.doFilter(FilterChainProxy.java:374) ~[spring-security-web-6.4.4.jar:6.4.4]
	at org.springframework.security.web.header.HeaderWriterFilter.doHeadersAfter(HeaderWriterFilter.java:90) ~[spring-security-web-6.4.4.jar:6.4.4]
	at org.springframework.security.web.header.HeaderWriterFilter.doFilterInternal(HeaderWriterFilter.java:75) ~[spring-security-web-6.4.4.jar:6.4.4]
	at org.springframework.web.filter.OncePerRequestFilter.doFilter(OncePerRequestFilter.java:116) ~[spring-web-6.2.5.jar:6.2.5]
	at org.springframework.security.web.FilterChainProxy$VirtualFilterChain.doFilter(FilterChainProxy.java:374) ~[spring-security-web-6.4.4.jar:6.4.4]
	at org.springframework.security.web.context.SecurityContextHolderFilter.doFilter(SecurityContextHolderFilter.java:82) ~[spring-security-web-6.4.4.jar:6.4.4]
	at org.springframework.security.web.context.SecurityContextHolderFilter.doFilter(SecurityContextHolderFilter.java:69) ~[spring-security-web-6.4.4.jar:6.4.4]
	at org.springframework.security.web.FilterChainProxy$VirtualFilterChain.doFilter(FilterChainProxy.java:374) ~[spring-security-web-6.4.4.jar:6.4.4]
	at org.springframework.security.web.context.request.async.WebAsyncManagerIntegrationFilter.doFilterInternal(WebAsyncManagerIntegrationFilter.java:62) ~[spring-security-web-6.4.4.jar:6.4.4]
	at org.springframework.web.filter.OncePerRequestFilter.doFilter(OncePerRequestFilter.java:116) ~[spring-web-6.2.5.jar:6.2.5]
	at org.springframework.security.web.FilterChainProxy$VirtualFilterChain.doFilter(FilterChainProxy.java:374) ~[spring-security-web-6.4.4.jar:6.4.4]
	at org.springframework.security.web.session.DisableEncodeUrlFilter.doFilterInternal(DisableEncodeUrlFilter.java:42) ~[spring-security-web-6.4.4.jar:6.4.4]
	at org.springframework.web.filter.OncePerRequestFilter.doFilter(OncePerRequestFilter.java:116) ~[spring-web-6.2.5.jar:6.2.5]
	at org.springframework.security.web.FilterChainProxy$VirtualFilterChain.doFilter(FilterChainProxy.java:374) ~[spring-security-web-6.4.4.jar:6.4.4]
	at org.springframework.security.web.FilterChainProxy.doFilterInternal(FilterChainProxy.java:233) ~[spring-security-web-6.4.4.jar:6.4.4]
	at org.springframework.security.web.FilterChainProxy.doFilter(FilterChainProxy.java:191) ~[spring-security-web-6.4.4.jar:6.4.4]
	at org.springframework.web.filter.CompositeFilter$VirtualFilterChain.doFilter(CompositeFilter.java:113) ~[spring-web-6.2.5.jar:6.2.5]
	at org.springframework.web.servlet.handler.HandlerMappingIntrospector.lambda$createCacheFilter$3(HandlerMappingIntrospector.java:243) ~[spring-webmvc-6.2.5.jar:6.2.5]
	at org.springframework.web.filter.CompositeFilter$VirtualFilterChain.doFilter(CompositeFilter.java:113) ~[spring-web-6.2.5.jar:6.2.5]
	at org.springframework.web.filter.CompositeFilter.doFilter(CompositeFilter.java:74) ~[spring-web-6.2.5.jar:6.2.5]
	at org.springframework.security.config.annotation.web.configuration.WebMvcSecurityConfiguration$CompositeFilterChainProxy.doFilter(WebMvcSecurityConfiguration.java:238) ~[spring-security-config-6.4.4.jar:6.4.4]
	at org.springframework.web.filter.DelegatingFilterProxy.invokeDelegate(DelegatingFilterProxy.java:362) ~[spring-web-6.2.5.jar:6.2.5]
	at org.springframework.web.filter.DelegatingFilterProxy.doFilter(DelegatingFilterProxy.java:278) ~[spring-web-6.2.5.jar:6.2.5]
	at org.springframework.test.web.servlet.setup.MockMvcFilterDecorator.doFilter(MockMvcFilterDecorator.java:162) ~[spring-test-6.2.5.jar:6.2.5]
	at org.springframework.mock.web.MockFilterChain.doFilter(MockFilterChain.java:132) ~[spring-test-6.2.5.jar:6.2.5]
	at org.springframework.web.filter.RequestContextFilter.doFilterInternal(RequestContextFilter.java:100) ~[spring-web-6.2.5.jar:6.2.5]
	at org.springframework.web.filter.OncePerRequestFilter.doFilter(OncePerRequestFilter.java:116) ~[spring-web-6.2.5.jar:6.2.5]
	at org.springframework.test.web.servlet.setup.MockMvcFilterDecorator.doFilter(MockMvcFilterDecorator.java:162) ~[spring-test-6.2.5.jar:6.2.5]
	at org.springframework.mock.web.MockFilterChain.doFilter(MockFilterChain.java:132) ~[spring-test-6.2.5.jar:6.2.5]
	at org.springframework.web.filter.FormContentFilter.doFilterInternal(FormContentFilter.java:93) ~[spring-web-6.2.5.jar:6.2.5]
	at org.springframework.web.filter.OncePerRequestFilter.doFilter(OncePerRequestFilter.java:116) ~[spring-web-6.2.5.jar:6.2.5]
	at org.springframework.test.web.servlet.setup.MockMvcFilterDecorator.doFilter(MockMvcFilterDecorator.java:162) ~[spring-test-6.2.5.jar:6.2.5]
	at org.springframework.mock.web.MockFilterChain.doFilter(MockFilterChain.java:132) ~[spring-test-6.2.5.jar:6.2.5]
	at org.springframework.web.filter.CharacterEncodingFilter.doFilterInternal(CharacterEncodingFilter.java:201) ~[spring-web-6.2.5.jar:6.2.5]
	at org.springframework.web.filter.OncePerRequestFilter.doFilter(OncePerRequestFilter.java:116) ~[spring-web-6.2.5.jar:6.2.5]
	at org.springframework.test.web.servlet.setup.MockMvcFilterDecorator.doFilter(MockMvcFilterDecorator.java:162) ~[spring-test-6.2.5.jar:6.2.5]
	at org.springframework.mock.web.MockFilterChain.doFilter(MockFilterChain.java:132) ~[spring-test-6.2.5.jar:6.2.5]
	at org.springframework.test.web.servlet.MockMvc.perform(MockMvc.java:201) ~[spring-test-6.2.5.jar:6.2.5]
	at com.example.ms_carrito.controller.CarritoAdminControllerTest.deberiaRechazarAccesoDeUsuarioSinRolAdmin(CarritoAdminControllerTest.java:76) ~[test-classes/:na]
	at java.base/jdk.internal.reflect.DirectMethodHandleAccessor.invoke(DirectMethodHandleAccessor.java:103) ~[na:na]
	at java.base/java.lang.reflect.Method.invoke(Method.java:580) ~[na:na]
	at org.junit.platform.commons.util.ReflectionUtils.invokeMethod(ReflectionUtils.java:767) ~[junit-platform-commons-1.11.4.jar:1.11.4]
	at org.junit.jupiter.engine.execution.MethodInvocation.proceed(MethodInvocation.java:60) ~[junit-jupiter-engine-5.11.4.jar:5.11.4]
	at org.junit.jupiter.engine.execution.InvocationInterceptorChain$ValidatingInvocation.proceed(InvocationInterceptorChain.java:131) ~[junit-jupiter-engine-5.11.4.jar:5.11.4]
	at org.junit.jupiter.engine.extension.TimeoutExtension.intercept(TimeoutExtension.java:156) ~[junit-jupiter-engine-5.11.4.jar:5.11.4]
	at org.junit.jupiter.engine.extension.TimeoutExtension.interceptTestableMethod(TimeoutExtension.java:147) ~[junit-jupiter-engine-5.11.4.jar:5.11.4]
	at org.junit.jupiter.engine.extension.TimeoutExtension.interceptTestMethod(TimeoutExtension.java:86) ~[junit-jupiter-engine-5.11.4.jar:5.11.4]
	at org.junit.jupiter.engine.execution.InterceptingExecutableInvoker$ReflectiveInterceptorCall.lambda$ofVoidMethod$0(InterceptingExecutableInvoker.java:103) ~[junit-jupiter-engine-5.11.4.jar:5.11.4]
	at org.junit.jupiter.engine.execution.InterceptingExecutableInvoker.lambda$invoke$0(InterceptingExecutableInvoker.java:93) ~[junit-jupiter-engine-5.11.4.jar:5.11.4]
	at org.junit.jupiter.engine.execution.InvocationInterceptorChain$InterceptedInvocation.proceed(InvocationInterceptorChain.java:106) ~[junit-jupiter-engine-5.11.4.jar:5.11.4]
	at org.junit.jupiter.engine.execution.InvocationInterceptorChain.proceed(InvocationInterceptorChain.java:64) ~[junit-jupiter-engine-5.11.4.jar:5.11.4]
	at org.junit.jupiter.engine.execution.InvocationInterceptorChain.chainAndInvoke(InvocationInterceptorChain.java:45) ~[junit-jupiter-engine-5.11.4.jar:5.11.4]
	at org.junit.jupiter.engine.execution.InvocationInterceptorChain.invoke(InvocationInterceptorChain.java:37) ~[junit-jupiter-engine-5.11.4.jar:5.11.4]
	at org.junit.jupiter.engine.execution.InterceptingExecutableInvoker.invoke(InterceptingExecutableInvoker.java:92) ~[junit-jupiter-engine-5.11.4.jar:5.11.4]
	at org.junit.jupiter.engine.execution.InterceptingExecutableInvoker.invoke(InterceptingExecutableInvoker.java:86) ~[junit-jupiter-engine-5.11.4.jar:5.11.4]
	at org.junit.jupiter.engine.descriptor.TestMethodTestDescriptor.lambda$invokeTestMethod$8(TestMethodTestDescriptor.java:217) ~[junit-jupiter-engine-5.11.4.jar:5.11.4]
	at org.junit.platform.engine.support.hierarchical.ThrowableCollector.execute(ThrowableCollector.java:73) ~[junit-platform-engine-1.11.4.jar:1.11.4]
	at org.junit.jupiter.engine.descriptor.TestMethodTestDescriptor.invokeTestMethod(TestMethodTestDescriptor.java:213) ~[junit-jupiter-engine-5.11.4.jar:5.11.4]
	at org.junit.jupiter.engine.descriptor.TestMethodTestDescriptor.execute(TestMethodTestDescriptor.java:138) ~[junit-jupiter-engine-5.11.4.jar:5.11.4]
	at org.junit.jupiter.engine.descriptor.TestMethodTestDescriptor.execute(TestMethodTestDescriptor.java:68) ~[junit-jupiter-engine-5.11.4.jar:5.11.4]
	at org.junit.platform.engine.support.hierarchical.NodeTestTask.lambda$executeRecursively$6(NodeTestTask.java:156) ~[junit-platform-engine-1.11.4.jar:1.11.4]
	at org.junit.platform.engine.support.hierarchical.ThrowableCollector.execute(ThrowableCollector.java:73) ~[junit-platform-engine-1.11.4.jar:1.11.4]
	at org.junit.platform.engine.support.hierarchical.NodeTestTask.lambda$executeRecursively$8(NodeTestTask.java:146) ~[junit-platform-engine-1.11.4.jar:1.11.4]
	at org.junit.platform.engine.support.hierarchical.Node.around(Node.java:137) ~[junit-platform-engine-1.11.4.jar:1.11.4]
	at org.junit.platform.engine.support.hierarchical.NodeTestTask.lambda$executeRecursively$9(NodeTestTask.java:144) ~[junit-platform-engine-1.11.4.jar:1.11.4]
	at org.junit.platform.engine.support.hierarchical.ThrowableCollector.execute(ThrowableCollector.java:73) ~[junit-platform-engine-1.11.4.jar:1.11.4]
	at org.junit.platform.engine.support.hierarchical.NodeTestTask.executeRecursively(NodeTestTask.java:143) ~[junit-platform-engine-1.11.4.jar:1.11.4]
	at org.junit.platform.engine.support.hierarchical.NodeTestTask.execute(NodeTestTask.java:100) ~[junit-platform-engine-1.11.4.jar:1.11.4]
	at java.base/java.util.ArrayList.forEach(ArrayList.java:1596) ~[na:na]
	at org.junit.platform.engine.support.hierarchical.SameThreadHierarchicalTestExecutorService.invokeAll(SameThreadHierarchicalTestExecutorService.java:41) ~[junit-platform-engine-1.11.4.jar:1.11.4]
	at org.junit.platform.engine.support.hierarchical.NodeTestTask.lambda$executeRecursively$6(NodeTestTask.java:160) ~[junit-platform-engine-1.11.4.jar:1.11.4]
	at org.junit.platform.engine.support.hierarchical.ThrowableCollector.execute(ThrowableCollector.java:73) ~[junit-platform-engine-1.11.4.jar:1.11.4]
	at org.junit.platform.engine.support.hierarchical.NodeTestTask.lambda$executeRecursively$8(NodeTestTask.java:146) ~[junit-platform-engine-1.11.4.jar:1.11.4]
	at org.junit.platform.engine.support.hierarchical.Node.around(Node.java:137) ~[junit-platform-engine-1.11.4.jar:1.11.4]
	at org.junit.platform.engine.support.hierarchical.NodeTestTask.lambda$executeRecursively$9(NodeTestTask.java:144) ~[junit-platform-engine-1.11.4.jar:1.11.4]
	at org.junit.platform.engine.support.hierarchical.ThrowableCollector.execute(ThrowableCollector.java:73) ~[junit-platform-engine-1.11.4.jar:1.11.4]
	at org.junit.platform.engine.support.hierarchical.NodeTestTask.executeRecursively(NodeTestTask.java:143) ~[junit-platform-engine-1.11.4.jar:1.11.4]
	at org.junit.platform.engine.support.hierarchical.NodeTestTask.execute(NodeTestTask.java:100) ~[junit-platform-engine-1.11.4.jar:1.11.4]
	at java.base/java.util.ArrayList.forEach(ArrayList.java:1596) ~[na:na]
	at org.junit.platform.engine.support.hierarchical.SameThreadHierarchicalTestExecutorService.invokeAll(SameThreadHierarchicalTestExecutorService.java:41) ~[junit-platform-engine-1.11.4.jar:1.11.4]
	at org.junit.platform.engine.support.hierarchical.NodeTestTask.lambda$executeRecursively$6(NodeTestTask.java:160) ~[junit-platform-engine-1.11.4.jar:1.11.4]
	at org.junit.platform.engine.support.hierarchical.ThrowableCollector.execute(ThrowableCollector.java:73) ~[junit-platform-engine-1.11.4.jar:1.11.4]
	at org.junit.platform.engine.support.hierarchical.NodeTestTask.lambda$executeRecursively$8(NodeTestTask.java:146) ~[junit-platform-engine-1.11.4.jar:1.11.4]
	at org.junit.platform.engine.support.hierarchical.Node.around(Node.java:137) ~[junit-platform-engine-1.11.4.jar:1.11.4]
	at org.junit.platform.engine.support.hierarchical.NodeTestTask.lambda$executeRecursively$9(NodeTestTask.java:144) ~[junit-platform-engine-1.11.4.jar:1.11.4]
	at org.junit.platform.engine.support.hierarchical.ThrowableCollector.execute(ThrowableCollector.java:73) ~[junit-platform-engine-1.11.4.jar:1.11.4]
	at org.junit.platform.engine.support.hierarchical.NodeTestTask.executeRecursively(NodeTestTask.java:143) ~[junit-platform-engine-1.11.4.jar:1.11.4]
	at org.junit.platform.engine.support.hierarchical.NodeTestTask.execute(NodeTestTask.java:100) ~[junit-platform-engine-1.11.4.jar:1.11.4]
	at org.junit.platform.engine.support.hierarchical.SameThreadHierarchicalTestExecutorService.submit(SameThreadHierarchicalTestExecutorService.java:35) ~[junit-platform-engine-1.11.4.jar:1.11.4]
	at org.junit.platform.engine.support.hierarchical.HierarchicalTestExecutor.execute(HierarchicalTestExecutor.java:57) ~[junit-platform-engine-1.11.4.jar:1.11.4]
	at org.junit.platform.engine.support.hierarchical.HierarchicalTestEngine.execute(HierarchicalTestEngine.java:54) ~[junit-platform-engine-1.11.4.jar:1.11.4]
	at org.junit.platform.launcher.core.EngineExecutionOrchestrator.execute(EngineExecutionOrchestrator.java:198) ~[junit-platform-launcher-1.11.4.jar:1.11.4]
	at org.junit.platform.launcher.core.EngineExecutionOrchestrator.execute(EngineExecutionOrchestrator.java:169) ~[junit-platform-launcher-1.11.4.jar:1.11.4]
	at org.junit.platform.launcher.core.EngineExecutionOrchestrator.execute(EngineExecutionOrchestrator.java:93) ~[junit-platform-launcher-1.11.4.jar:1.11.4]
	at org.junit.platform.launcher.core.EngineExecutionOrchestrator.lambda$execute$0(EngineExecutionOrchestrator.java:58) ~[junit-platform-launcher-1.11.4.jar:1.11.4]
	at org.junit.platform.launcher.core.EngineExecutionOrchestrator.withInterceptedStreams(EngineExecutionOrchestrator.java:141) ~[junit-platform-launcher-1.11.4.jar:1.11.4]
	at org.junit.platform.launcher.core.EngineExecutionOrchestrator.execute(EngineExecutionOrchestrator.java:57) ~[junit-platform-launcher-1.11.4.jar:1.11.4]
	at org.junit.platform.launcher.core.DefaultLauncher.execute(DefaultLauncher.java:103) ~[junit-platform-launcher-1.11.4.jar:1.11.4]
	at org.junit.platform.launcher.core.DefaultLauncher.execute(DefaultLauncher.java:85) ~[junit-platform-launcher-1.11.4.jar:1.11.4]
	at org.junit.platform.launcher.core.DelegatingLauncher.execute(DelegatingLauncher.java:47) ~[junit-platform-launcher-1.11.4.jar:1.11.4]
	at org.apache.maven.surefire.junitplatform.LazyLauncher.execute(LazyLauncher.java:56) ~[surefire-junit-platform-3.5.2.jar:3.5.2]
	at org.apache.maven.surefire.junitplatform.JUnitPlatformProvider.execute(JUnitPlatformProvider.java:184) ~[surefire-junit-platform-3.5.2.jar:3.5.2]
	at org.apache.maven.surefire.junitplatform.JUnitPlatformProvider.invokeAllTests(JUnitPlatformProvider.java:148) ~[surefire-junit-platform-3.5.2.jar:3.5.2]
	at org.apache.maven.surefire.junitplatform.JUnitPlatformProvider.invoke(JUnitPlatformProvider.java:122) ~[surefire-junit-platform-3.5.2.jar:3.5.2]
	at org.apache.maven.surefire.booter.ForkedBooter.runSuitesInProcess(ForkedBooter.java:385) ~[surefire-booter-3.5.2.jar:3.5.2]
	at org.apache.maven.surefire.booter.ForkedBooter.execute(ForkedBooter.java:162) ~[surefire-booter-3.5.2.jar:3.5.2]
	at org.apache.maven.surefire.booter.ForkedBooter.run(ForkedBooter.java:507) ~[surefire-booter-3.5.2.jar:3.5.2]
	at org.apache.maven.surefire.booter.ForkedBooter.main(ForkedBooter.java:495) ~[surefire-booter-3.5.2.jar:3.5.2]

2026-07-12T19:59:57.396-04:00 DEBUG 9948 --- [ms-carrito] [main] c.e.m.security.filter.JwtAuthFilter      : No se encontró token Bearer
2026-07-12T19:59:57.404-04:00 ERROR 9948 --- [ms-carrito] [main] c.e.m.exception.GlobalExceptionHandler   : Error inesperado: Required URI template variable 'Id' for method parameter type Long is not present

org.springframework.web.bind.MissingPathVariableException: Required URI template variable 'Id' for method parameter type Long is not present
	at org.springframework.web.servlet.mvc.method.annotation.PathVariableMethodArgumentResolver.handleMissingValue(PathVariableMethodArgumentResolver.java:101) ~[spring-webmvc-6.2.5.jar:6.2.5]
	at org.springframework.web.method.annotation.AbstractNamedValueMethodArgumentResolver.handleMissingValue(AbstractNamedValueMethodArgumentResolver.java:234) ~[spring-web-6.2.5.jar:6.2.5]
	at org.springframework.web.method.annotation.AbstractNamedValueMethodArgumentResolver.resolveArgument(AbstractNamedValueMethodArgumentResolver.java:125) ~[spring-web-6.2.5.jar:6.2.5]
	at org.springframework.web.method.support.HandlerMethodArgumentResolverComposite.resolveArgument(HandlerMethodArgumentResolverComposite.java:122) ~[spring-web-6.2.5.jar:6.2.5]
	at org.springframework.web.method.support.InvocableHandlerMethod.getMethodArgumentValues(InvocableHandlerMethod.java:227) ~[spring-web-6.2.5.jar:6.2.5]
	at org.springframework.web.method.support.InvocableHandlerMethod.invokeForRequest(InvocableHandlerMethod.java:181) ~[spring-web-6.2.5.jar:6.2.5]
	at org.springframework.web.servlet.mvc.method.annotation.ServletInvocableHandlerMethod.invokeAndHandle(ServletInvocableHandlerMethod.java:118) ~[spring-webmvc-6.2.5.jar:6.2.5]
	at org.springframework.web.servlet.mvc.method.annotation.RequestMappingHandlerAdapter.invokeHandlerMethod(RequestMappingHandlerAdapter.java:986) ~[spring-webmvc-6.2.5.jar:6.2.5]
	at org.springframework.web.servlet.mvc.method.annotation.RequestMappingHandlerAdapter.handleInternal(RequestMappingHandlerAdapter.java:891) ~[spring-webmvc-6.2.5.jar:6.2.5]
	at org.springframework.web.servlet.mvc.method.AbstractHandlerMethodAdapter.handle(AbstractHandlerMethodAdapter.java:87) ~[spring-webmvc-6.2.5.jar:6.2.5]
	at org.springframework.web.servlet.DispatcherServlet.doDispatch(DispatcherServlet.java:1089) ~[spring-webmvc-6.2.5.jar:6.2.5]
	at org.springframework.web.servlet.DispatcherServlet.doService(DispatcherServlet.java:979) ~[spring-webmvc-6.2.5.jar:6.2.5]
	at org.springframework.web.servlet.FrameworkServlet.processRequest(FrameworkServlet.java:1014) ~[spring-webmvc-6.2.5.jar:6.2.5]
	at org.springframework.web.servlet.FrameworkServlet.doGet(FrameworkServlet.java:903) ~[spring-webmvc-6.2.5.jar:6.2.5]
	at jakarta.servlet.http.HttpServlet.service(HttpServlet.java:564) ~[tomcat-embed-core-10.1.39.jar:6.0]
	at org.springframework.web.servlet.FrameworkServlet.service(FrameworkServlet.java:885) ~[spring-webmvc-6.2.5.jar:6.2.5]
	at org.springframework.test.web.servlet.TestDispatcherServlet.service(TestDispatcherServlet.java:72) ~[spring-test-6.2.5.jar:6.2.5]
	at jakarta.servlet.http.HttpServlet.service(HttpServlet.java:658) ~[tomcat-embed-core-10.1.39.jar:6.0]
	at org.springframework.mock.web.MockFilterChain$ServletFilterProxy.doFilter(MockFilterChain.java:165) ~[spring-test-6.2.5.jar:6.2.5]
	at org.springframework.mock.web.MockFilterChain.doFilter(MockFilterChain.java:132) ~[spring-test-6.2.5.jar:6.2.5]
	at com.example.ms_carrito.security.filter.JwtAuthFilter.doFilterInternal(JwtAuthFilter.java:40) ~[classes/:na]
	at org.springframework.web.filter.OncePerRequestFilter.doFilter(OncePerRequestFilter.java:116) ~[spring-web-6.2.5.jar:6.2.5]
	at org.springframework.test.web.servlet.setup.MockMvcFilterDecorator.doFilter(MockMvcFilterDecorator.java:162) ~[spring-test-6.2.5.jar:6.2.5]
	at org.springframework.mock.web.MockFilterChain.doFilter(MockFilterChain.java:132) ~[spring-test-6.2.5.jar:6.2.5]
	at org.springframework.web.filter.CompositeFilter$VirtualFilterChain.doFilter(CompositeFilter.java:108) ~[spring-web-6.2.5.jar:6.2.5]
	at org.springframework.security.web.FilterChainProxy.lambda$doFilterInternal$3(FilterChainProxy.java:231) ~[spring-security-web-6.4.4.jar:6.4.4]
	at org.springframework.security.web.FilterChainProxy$VirtualFilterChain.doFilter(FilterChainProxy.java:365) ~[spring-security-web-6.4.4.jar:6.4.4]
	at org.springframework.security.web.access.intercept.AuthorizationFilter.doFilter(AuthorizationFilter.java:101) ~[spring-security-web-6.4.4.jar:6.4.4]
	at org.springframework.security.web.FilterChainProxy$VirtualFilterChain.doFilter(FilterChainProxy.java:374) ~[spring-security-web-6.4.4.jar:6.4.4]
	at org.springframework.security.web.access.ExceptionTranslationFilter.doFilter(ExceptionTranslationFilter.java:126) ~[spring-security-web-6.4.4.jar:6.4.4]
	at org.springframework.security.web.access.ExceptionTranslationFilter.doFilter(ExceptionTranslationFilter.java:120) ~[spring-security-web-6.4.4.jar:6.4.4]
	at org.springframework.security.web.FilterChainProxy$VirtualFilterChain.doFilter(FilterChainProxy.java:374) ~[spring-security-web-6.4.4.jar:6.4.4]
	at org.springframework.security.web.authentication.AnonymousAuthenticationFilter.doFilter(AnonymousAuthenticationFilter.java:100) ~[spring-security-web-6.4.4.jar:6.4.4]
	at org.springframework.security.web.FilterChainProxy$VirtualFilterChain.doFilter(FilterChainProxy.java:374) ~[spring-security-web-6.4.4.jar:6.4.4]
	at org.springframework.security.web.servletapi.SecurityContextHolderAwareRequestFilter.doFilter(SecurityContextHolderAwareRequestFilter.java:179) ~[spring-security-web-6.4.4.jar:6.4.4]
	at org.springframework.security.web.FilterChainProxy$VirtualFilterChain.doFilter(FilterChainProxy.java:374) ~[spring-security-web-6.4.4.jar:6.4.4]
	at org.springframework.security.web.savedrequest.RequestCacheAwareFilter.doFilter(RequestCacheAwareFilter.java:63) ~[spring-security-web-6.4.4.jar:6.4.4]
	at org.springframework.security.web.FilterChainProxy$VirtualFilterChain.doFilter(FilterChainProxy.java:374) ~[spring-security-web-6.4.4.jar:6.4.4]
	at org.springframework.security.web.authentication.www.BasicAuthenticationFilter.doFilterInternal(BasicAuthenticationFilter.java:181) ~[spring-security-web-6.4.4.jar:6.4.4]
	at org.springframework.web.filter.OncePerRequestFilter.doFilter(OncePerRequestFilter.java:116) ~[spring-web-6.2.5.jar:6.2.5]
	at org.springframework.security.web.FilterChainProxy$VirtualFilterChain.doFilter(FilterChainProxy.java:374) ~[spring-security-web-6.4.4.jar:6.4.4]
	at org.springframework.security.web.authentication.ui.DefaultLogoutPageGeneratingFilter.doFilterInternal(DefaultLogoutPageGeneratingFilter.java:58) ~[spring-security-web-6.4.4.jar:6.4.4]
	at org.springframework.web.filter.OncePerRequestFilter.doFilter(OncePerRequestFilter.java:116) ~[spring-web-6.2.5.jar:6.2.5]
	at org.springframework.security.web.FilterChainProxy$VirtualFilterChain.doFilter(FilterChainProxy.java:374) ~[spring-security-web-6.4.4.jar:6.4.4]
	at org.springframework.security.web.authentication.ui.DefaultLoginPageGeneratingFilter.doFilter(DefaultLoginPageGeneratingFilter.java:220) ~[spring-security-web-6.4.4.jar:6.4.4]
	at org.springframework.security.web.authentication.ui.DefaultLoginPageGeneratingFilter.doFilter(DefaultLoginPageGeneratingFilter.java:206) ~[spring-security-web-6.4.4.jar:6.4.4]
	at org.springframework.security.web.FilterChainProxy$VirtualFilterChain.doFilter(FilterChainProxy.java:374) ~[spring-security-web-6.4.4.jar:6.4.4]
	at org.springframework.security.web.authentication.ui.DefaultResourcesFilter.doFilter(DefaultResourcesFilter.java:72) ~[spring-security-web-6.4.4.jar:6.4.4]
	at org.springframework.security.web.FilterChainProxy$VirtualFilterChain.doFilter(FilterChainProxy.java:374) ~[spring-security-web-6.4.4.jar:6.4.4]
	at org.springframework.security.web.authentication.AbstractAuthenticationProcessingFilter.doFilter(AbstractAuthenticationProcessingFilter.java:227) ~[spring-security-web-6.4.4.jar:6.4.4]
	at org.springframework.security.web.authentication.AbstractAuthenticationProcessingFilter.doFilter(AbstractAuthenticationProcessingFilter.java:221) ~[spring-security-web-6.4.4.jar:6.4.4]
	at org.springframework.security.web.FilterChainProxy$VirtualFilterChain.doFilter(FilterChainProxy.java:374) ~[spring-security-web-6.4.4.jar:6.4.4]
	at org.springframework.security.web.authentication.logout.LogoutFilter.doFilter(LogoutFilter.java:107) ~[spring-security-web-6.4.4.jar:6.4.4]
	at org.springframework.security.web.authentication.logout.LogoutFilter.doFilter(LogoutFilter.java:93) ~[spring-security-web-6.4.4.jar:6.4.4]
	at org.springframework.security.web.FilterChainProxy$VirtualFilterChain.doFilter(FilterChainProxy.java:374) ~[spring-security-web-6.4.4.jar:6.4.4]
	at org.springframework.security.web.csrf.CsrfFilter.doFilterInternal(CsrfFilter.java:117) ~[spring-security-web-6.4.4.jar:6.4.4]
	at org.springframework.web.filter.OncePerRequestFilter.doFilter(OncePerRequestFilter.java:116) ~[spring-web-6.2.5.jar:6.2.5]
	at org.springframework.security.web.FilterChainProxy$VirtualFilterChain.doFilter(FilterChainProxy.java:374) ~[spring-security-web-6.4.4.jar:6.4.4]
	at org.springframework.security.web.header.HeaderWriterFilter.doHeadersAfter(HeaderWriterFilter.java:90) ~[spring-security-web-6.4.4.jar:6.4.4]
	at org.springframework.security.web.header.HeaderWriterFilter.doFilterInternal(HeaderWriterFilter.java:75) ~[spring-security-web-6.4.4.jar:6.4.4]
	at org.springframework.web.filter.OncePerRequestFilter.doFilter(OncePerRequestFilter.java:116) ~[spring-web-6.2.5.jar:6.2.5]
	at org.springframework.security.web.FilterChainProxy$VirtualFilterChain.doFilter(FilterChainProxy.java:374) ~[spring-security-web-6.4.4.jar:6.4.4]
	at org.springframework.security.web.context.SecurityContextHolderFilter.doFilter(SecurityContextHolderFilter.java:82) ~[spring-security-web-6.4.4.jar:6.4.4]
	at org.springframework.security.web.context.SecurityContextHolderFilter.doFilter(SecurityContextHolderFilter.java:69) ~[spring-security-web-6.4.4.jar:6.4.4]
	at org.springframework.security.web.FilterChainProxy$VirtualFilterChain.doFilter(FilterChainProxy.java:374) ~[spring-security-web-6.4.4.jar:6.4.4]
	at org.springframework.security.web.context.request.async.WebAsyncManagerIntegrationFilter.doFilterInternal(WebAsyncManagerIntegrationFilter.java:62) ~[spring-security-web-6.4.4.jar:6.4.4]
	at org.springframework.web.filter.OncePerRequestFilter.doFilter(OncePerRequestFilter.java:116) ~[spring-web-6.2.5.jar:6.2.5]
	at org.springframework.security.web.FilterChainProxy$VirtualFilterChain.doFilter(FilterChainProxy.java:374) ~[spring-security-web-6.4.4.jar:6.4.4]
	at org.springframework.security.web.session.DisableEncodeUrlFilter.doFilterInternal(DisableEncodeUrlFilter.java:42) ~[spring-security-web-6.4.4.jar:6.4.4]
	at org.springframework.web.filter.OncePerRequestFilter.doFilter(OncePerRequestFilter.java:116) ~[spring-web-6.2.5.jar:6.2.5]
	at org.springframework.security.web.FilterChainProxy$VirtualFilterChain.doFilter(FilterChainProxy.java:374) ~[spring-security-web-6.4.4.jar:6.4.4]
	at org.springframework.security.web.FilterChainProxy.doFilterInternal(FilterChainProxy.java:233) ~[spring-security-web-6.4.4.jar:6.4.4]
	at org.springframework.security.web.FilterChainProxy.doFilter(FilterChainProxy.java:191) ~[spring-security-web-6.4.4.jar:6.4.4]
	at org.springframework.web.filter.CompositeFilter$VirtualFilterChain.doFilter(CompositeFilter.java:113) ~[spring-web-6.2.5.jar:6.2.5]
	at org.springframework.web.servlet.handler.HandlerMappingIntrospector.lambda$createCacheFilter$3(HandlerMappingIntrospector.java:243) ~[spring-webmvc-6.2.5.jar:6.2.5]
	at org.springframework.web.filter.CompositeFilter$VirtualFilterChain.doFilter(CompositeFilter.java:113) ~[spring-web-6.2.5.jar:6.2.5]
	at org.springframework.web.filter.CompositeFilter.doFilter(CompositeFilter.java:74) ~[spring-web-6.2.5.jar:6.2.5]
	at org.springframework.security.config.annotation.web.configuration.WebMvcSecurityConfiguration$CompositeFilterChainProxy.doFilter(WebMvcSecurityConfiguration.java:238) ~[spring-security-config-6.4.4.jar:6.4.4]
	at org.springframework.web.filter.DelegatingFilterProxy.invokeDelegate(DelegatingFilterProxy.java:362) ~[spring-web-6.2.5.jar:6.2.5]
	at org.springframework.web.filter.DelegatingFilterProxy.doFilter(DelegatingFilterProxy.java:278) ~[spring-web-6.2.5.jar:6.2.5]
	at org.springframework.test.web.servlet.setup.MockMvcFilterDecorator.doFilter(MockMvcFilterDecorator.java:162) ~[spring-test-6.2.5.jar:6.2.5]
	at org.springframework.mock.web.MockFilterChain.doFilter(MockFilterChain.java:132) ~[spring-test-6.2.5.jar:6.2.5]
	at org.springframework.web.filter.RequestContextFilter.doFilterInternal(RequestContextFilter.java:100) ~[spring-web-6.2.5.jar:6.2.5]
	at org.springframework.web.filter.OncePerRequestFilter.doFilter(OncePerRequestFilter.java:116) ~[spring-web-6.2.5.jar:6.2.5]
	at org.springframework.test.web.servlet.setup.MockMvcFilterDecorator.doFilter(MockMvcFilterDecorator.java:162) ~[spring-test-6.2.5.jar:6.2.5]
	at org.springframework.mock.web.MockFilterChain.doFilter(MockFilterChain.java:132) ~[spring-test-6.2.5.jar:6.2.5]
	at org.springframework.web.filter.FormContentFilter.doFilterInternal(FormContentFilter.java:93) ~[spring-web-6.2.5.jar:6.2.5]
	at org.springframework.web.filter.OncePerRequestFilter.doFilter(OncePerRequestFilter.java:116) ~[spring-web-6.2.5.jar:6.2.5]
	at org.springframework.test.web.servlet.setup.MockMvcFilterDecorator.doFilter(MockMvcFilterDecorator.java:162) ~[spring-test-6.2.5.jar:6.2.5]
	at org.springframework.mock.web.MockFilterChain.doFilter(MockFilterChain.java:132) ~[spring-test-6.2.5.jar:6.2.5]
	at org.springframework.web.filter.CharacterEncodingFilter.doFilterInternal(CharacterEncodingFilter.java:201) ~[spring-web-6.2.5.jar:6.2.5]
	at org.springframework.web.filter.OncePerRequestFilter.doFilter(OncePerRequestFilter.java:116) ~[spring-web-6.2.5.jar:6.2.5]
	at org.springframework.test.web.servlet.setup.MockMvcFilterDecorator.doFilter(MockMvcFilterDecorator.java:162) ~[spring-test-6.2.5.jar:6.2.5]
	at org.springframework.mock.web.MockFilterChain.doFilter(MockFilterChain.java:132) ~[spring-test-6.2.5.jar:6.2.5]
	at org.springframework.test.web.servlet.MockMvc.perform(MockMvc.java:201) ~[spring-test-6.2.5.jar:6.2.5]
	at com.example.ms_carrito.controller.CarritoAdminControllerTest.deberiaVerificarExistenciaDeCarrito(CarritoAdminControllerTest.java:68) ~[test-classes/:na]
	at java.base/jdk.internal.reflect.DirectMethodHandleAccessor.invoke(DirectMethodHandleAccessor.java:103) ~[na:na]
	at java.base/java.lang.reflect.Method.invoke(Method.java:580) ~[na:na]
	at org.junit.platform.commons.util.ReflectionUtils.invokeMethod(ReflectionUtils.java:767) ~[junit-platform-commons-1.11.4.jar:1.11.4]
	at org.junit.jupiter.engine.execution.MethodInvocation.proceed(MethodInvocation.java:60) ~[junit-jupiter-engine-5.11.4.jar:5.11.4]
	at org.junit.jupiter.engine.execution.InvocationInterceptorChain$ValidatingInvocation.proceed(InvocationInterceptorChain.java:131) ~[junit-jupiter-engine-5.11.4.jar:5.11.4]
	at org.junit.jupiter.engine.extension.TimeoutExtension.intercept(TimeoutExtension.java:156) ~[junit-jupiter-engine-5.11.4.jar:5.11.4]
	at org.junit.jupiter.engine.extension.TimeoutExtension.interceptTestableMethod(TimeoutExtension.java:147) ~[junit-jupiter-engine-5.11.4.jar:5.11.4]
	at org.junit.jupiter.engine.extension.TimeoutExtension.interceptTestMethod(TimeoutExtension.java:86) ~[junit-jupiter-engine-5.11.4.jar:5.11.4]
	at org.junit.jupiter.engine.execution.InterceptingExecutableInvoker$ReflectiveInterceptorCall.lambda$ofVoidMethod$0(InterceptingExecutableInvoker.java:103) ~[junit-jupiter-engine-5.11.4.jar:5.11.4]
	at org.junit.jupiter.engine.execution.InterceptingExecutableInvoker.lambda$invoke$0(InterceptingExecutableInvoker.java:93) ~[junit-jupiter-engine-5.11.4.jar:5.11.4]
	at org.junit.jupiter.engine.execution.InvocationInterceptorChain$InterceptedInvocation.proceed(InvocationInterceptorChain.java:106) ~[junit-jupiter-engine-5.11.4.jar:5.11.4]
	at org.junit.jupiter.engine.execution.InvocationInterceptorChain.proceed(InvocationInterceptorChain.java:64) ~[junit-jupiter-engine-5.11.4.jar:5.11.4]
	at org.junit.jupiter.engine.execution.InvocationInterceptorChain.chainAndInvoke(InvocationInterceptorChain.java:45) ~[junit-jupiter-engine-5.11.4.jar:5.11.4]
	at org.junit.jupiter.engine.execution.InvocationInterceptorChain.invoke(InvocationInterceptorChain.java:37) ~[junit-jupiter-engine-5.11.4.jar:5.11.4]
	at org.junit.jupiter.engine.execution.InterceptingExecutableInvoker.invoke(InterceptingExecutableInvoker.java:92) ~[junit-jupiter-engine-5.11.4.jar:5.11.4]
	at org.junit.jupiter.engine.execution.InterceptingExecutableInvoker.invoke(InterceptingExecutableInvoker.java:86) ~[junit-jupiter-engine-5.11.4.jar:5.11.4]
	at org.junit.jupiter.engine.descriptor.TestMethodTestDescriptor.lambda$invokeTestMethod$8(TestMethodTestDescriptor.java:217) ~[junit-jupiter-engine-5.11.4.jar:5.11.4]
	at org.junit.platform.engine.support.hierarchical.ThrowableCollector.execute(ThrowableCollector.java:73) ~[junit-platform-engine-1.11.4.jar:1.11.4]
	at org.junit.jupiter.engine.descriptor.TestMethodTestDescriptor.invokeTestMethod(TestMethodTestDescriptor.java:213) ~[junit-jupiter-engine-5.11.4.jar:5.11.4]
	at org.junit.jupiter.engine.descriptor.TestMethodTestDescriptor.execute(TestMethodTestDescriptor.java:138) ~[junit-jupiter-engine-5.11.4.jar:5.11.4]
	at org.junit.jupiter.engine.descriptor.TestMethodTestDescriptor.execute(TestMethodTestDescriptor.java:68) ~[junit-jupiter-engine-5.11.4.jar:5.11.4]
	at org.junit.platform.engine.support.hierarchical.NodeTestTask.lambda$executeRecursively$6(NodeTestTask.java:156) ~[junit-platform-engine-1.11.4.jar:1.11.4]
	at org.junit.platform.engine.support.hierarchical.ThrowableCollector.execute(ThrowableCollector.java:73) ~[junit-platform-engine-1.11.4.jar:1.11.4]
	at org.junit.platform.engine.support.hierarchical.NodeTestTask.lambda$executeRecursively$8(NodeTestTask.java:146) ~[junit-platform-engine-1.11.4.jar:1.11.4]
	at org.junit.platform.engine.support.hierarchical.Node.around(Node.java:137) ~[junit-platform-engine-1.11.4.jar:1.11.4]
	at org.junit.platform.engine.support.hierarchical.NodeTestTask.lambda$executeRecursively$9(NodeTestTask.java:144) ~[junit-platform-engine-1.11.4.jar:1.11.4]
	at org.junit.platform.engine.support.hierarchical.ThrowableCollector.execute(ThrowableCollector.java:73) ~[junit-platform-engine-1.11.4.jar:1.11.4]
	at org.junit.platform.engine.support.hierarchical.NodeTestTask.executeRecursively(NodeTestTask.java:143) ~[junit-platform-engine-1.11.4.jar:1.11.4]
	at org.junit.platform.engine.support.hierarchical.NodeTestTask.execute(NodeTestTask.java:100) ~[junit-platform-engine-1.11.4.jar:1.11.4]
	at java.base/java.util.ArrayList.forEach(ArrayList.java:1596) ~[na:na]
	at org.junit.platform.engine.support.hierarchical.SameThreadHierarchicalTestExecutorService.invokeAll(SameThreadHierarchicalTestExecutorService.java:41) ~[junit-platform-engine-1.11.4.jar:1.11.4]
	at org.junit.platform.engine.support.hierarchical.NodeTestTask.lambda$executeRecursively$6(NodeTestTask.java:160) ~[junit-platform-engine-1.11.4.jar:1.11.4]
	at org.junit.platform.engine.support.hierarchical.ThrowableCollector.execute(ThrowableCollector.java:73) ~[junit-platform-engine-1.11.4.jar:1.11.4]
	at org.junit.platform.engine.support.hierarchical.NodeTestTask.lambda$executeRecursively$8(NodeTestTask.java:146) ~[junit-platform-engine-1.11.4.jar:1.11.4]
	at org.junit.platform.engine.support.hierarchical.Node.around(Node.java:137) ~[junit-platform-engine-1.11.4.jar:1.11.4]
	at org.junit.platform.engine.support.hierarchical.NodeTestTask.lambda$executeRecursively$9(NodeTestTask.java:144) ~[junit-platform-engine-1.11.4.jar:1.11.4]
	at org.junit.platform.engine.support.hierarchical.ThrowableCollector.execute(ThrowableCollector.java:73) ~[junit-platform-engine-1.11.4.jar:1.11.4]
	at org.junit.platform.engine.support.hierarchical.NodeTestTask.executeRecursively(NodeTestTask.java:143) ~[junit-platform-engine-1.11.4.jar:1.11.4]
	at org.junit.platform.engine.support.hierarchical.NodeTestTask.execute(NodeTestTask.java:100) ~[junit-platform-engine-1.11.4.jar:1.11.4]
	at java.base/java.util.ArrayList.forEach(ArrayList.java:1596) ~[na:na]
	at org.junit.platform.engine.support.hierarchical.SameThreadHierarchicalTestExecutorService.invokeAll(SameThreadHierarchicalTestExecutorService.java:41) ~[junit-platform-engine-1.11.4.jar:1.11.4]
	at org.junit.platform.engine.support.hierarchical.NodeTestTask.lambda$executeRecursively$6(NodeTestTask.java:160) ~[junit-platform-engine-1.11.4.jar:1.11.4]
	at org.junit.platform.engine.support.hierarchical.ThrowableCollector.execute(ThrowableCollector.java:73) ~[junit-platform-engine-1.11.4.jar:1.11.4]
	at org.junit.platform.engine.support.hierarchical.NodeTestTask.lambda$executeRecursively$8(NodeTestTask.java:146) ~[junit-platform-engine-1.11.4.jar:1.11.4]
	at org.junit.platform.engine.support.hierarchical.Node.around(Node.java:137) ~[junit-platform-engine-1.11.4.jar:1.11.4]
	at org.junit.platform.engine.support.hierarchical.NodeTestTask.lambda$executeRecursively$9(NodeTestTask.java:144) ~[junit-platform-engine-1.11.4.jar:1.11.4]
	at org.junit.platform.engine.support.hierarchical.ThrowableCollector.execute(ThrowableCollector.java:73) ~[junit-platform-engine-1.11.4.jar:1.11.4]
	at org.junit.platform.engine.support.hierarchical.NodeTestTask.executeRecursively(NodeTestTask.java:143) ~[junit-platform-engine-1.11.4.jar:1.11.4]
	at org.junit.platform.engine.support.hierarchical.NodeTestTask.execute(NodeTestTask.java:100) ~[junit-platform-engine-1.11.4.jar:1.11.4]
	at org.junit.platform.engine.support.hierarchical.SameThreadHierarchicalTestExecutorService.submit(SameThreadHierarchicalTestExecutorService.java:35) ~[junit-platform-engine-1.11.4.jar:1.11.4]
	at org.junit.platform.engine.support.hierarchical.HierarchicalTestExecutor.execute(HierarchicalTestExecutor.java:57) ~[junit-platform-engine-1.11.4.jar:1.11.4]
	at org.junit.platform.engine.support.hierarchical.HierarchicalTestEngine.execute(HierarchicalTestEngine.java:54) ~[junit-platform-engine-1.11.4.jar:1.11.4]
	at org.junit.platform.launcher.core.EngineExecutionOrchestrator.execute(EngineExecutionOrchestrator.java:198) ~[junit-platform-launcher-1.11.4.jar:1.11.4]
	at org.junit.platform.launcher.core.EngineExecutionOrchestrator.execute(EngineExecutionOrchestrator.java:169) ~[junit-platform-launcher-1.11.4.jar:1.11.4]
	at org.junit.platform.launcher.core.EngineExecutionOrchestrator.execute(EngineExecutionOrchestrator.java:93) ~[junit-platform-launcher-1.11.4.jar:1.11.4]
	at org.junit.platform.launcher.core.EngineExecutionOrchestrator.lambda$execute$0(EngineExecutionOrchestrator.java:58) ~[junit-platform-launcher-1.11.4.jar:1.11.4]
	at org.junit.platform.launcher.core.EngineExecutionOrchestrator.withInterceptedStreams(EngineExecutionOrchestrator.java:141) ~[junit-platform-launcher-1.11.4.jar:1.11.4]
	at org.junit.platform.launcher.core.EngineExecutionOrchestrator.execute(EngineExecutionOrchestrator.java:57) ~[junit-platform-launcher-1.11.4.jar:1.11.4]
	at org.junit.platform.launcher.core.DefaultLauncher.execute(DefaultLauncher.java:103) ~[junit-platform-launcher-1.11.4.jar:1.11.4]
	at org.junit.platform.launcher.core.DefaultLauncher.execute(DefaultLauncher.java:85) ~[junit-platform-launcher-1.11.4.jar:1.11.4]
	at org.junit.platform.launcher.core.DelegatingLauncher.execute(DelegatingLauncher.java:47) ~[junit-platform-launcher-1.11.4.jar:1.11.4]
	at org.apache.maven.surefire.junitplatform.LazyLauncher.execute(LazyLauncher.java:56) ~[surefire-junit-platform-3.5.2.jar:3.5.2]
	at org.apache.maven.surefire.junitplatform.JUnitPlatformProvider.execute(JUnitPlatformProvider.java:184) ~[surefire-junit-platform-3.5.2.jar:3.5.2]
	at org.apache.maven.surefire.junitplatform.JUnitPlatformProvider.invokeAllTests(JUnitPlatformProvider.java:148) ~[surefire-junit-platform-3.5.2.jar:3.5.2]
	at org.apache.maven.surefire.junitplatform.JUnitPlatformProvider.invoke(JUnitPlatformProvider.java:122) ~[surefire-junit-platform-3.5.2.jar:3.5.2]
	at org.apache.maven.surefire.booter.ForkedBooter.runSuitesInProcess(ForkedBooter.java:385) ~[surefire-booter-3.5.2.jar:3.5.2]
	at org.apache.maven.surefire.booter.ForkedBooter.execute(ForkedBooter.java:162) ~[surefire-booter-3.5.2.jar:3.5.2]
	at org.apache.maven.surefire.booter.ForkedBooter.run(ForkedBooter.java:507) ~[surefire-booter-3.5.2.jar:3.5.2]
	at org.apache.maven.surefire.booter.ForkedBooter.main(ForkedBooter.java:495) ~[surefire-booter-3.5.2.jar:3.5.2]

2026-07-12T19:59:57.431-04:00 DEBUG 9948 --- [ms-carrito] [main] c.e.m.security.filter.JwtAuthFilter      : No se encontró token Bearer
2026-07-12T19:59:57.434-04:00 ERROR 9948 --- [ms-carrito] [main] c.e.m.exception.GlobalExceptionHandler   : Error inesperado: Required URI template variable 'Id' for method parameter type Long is not present

org.springframework.web.bind.MissingPathVariableException: Required URI template variable 'Id' for method parameter type Long is not present
	at org.springframework.web.servlet.mvc.method.annotation.PathVariableMethodArgumentResolver.handleMissingValue(PathVariableMethodArgumentResolver.java:101) ~[spring-webmvc-6.2.5.jar:6.2.5]
	at org.springframework.web.method.annotation.AbstractNamedValueMethodArgumentResolver.handleMissingValue(AbstractNamedValueMethodArgumentResolver.java:234) ~[spring-web-6.2.5.jar:6.2.5]
	at org.springframework.web.method.annotation.AbstractNamedValueMethodArgumentResolver.resolveArgument(AbstractNamedValueMethodArgumentResolver.java:125) ~[spring-web-6.2.5.jar:6.2.5]
	at org.springframework.web.method.support.HandlerMethodArgumentResolverComposite.resolveArgument(HandlerMethodArgumentResolverComposite.java:122) ~[spring-web-6.2.5.jar:6.2.5]
	at org.springframework.web.method.support.InvocableHandlerMethod.getMethodArgumentValues(InvocableHandlerMethod.java:227) ~[spring-web-6.2.5.jar:6.2.5]
	at org.springframework.web.method.support.InvocableHandlerMethod.invokeForRequest(InvocableHandlerMethod.java:181) ~[spring-web-6.2.5.jar:6.2.5]
	at org.springframework.web.servlet.mvc.method.annotation.ServletInvocableHandlerMethod.invokeAndHandle(ServletInvocableHandlerMethod.java:118) ~[spring-webmvc-6.2.5.jar:6.2.5]
	at org.springframework.web.servlet.mvc.method.annotation.RequestMappingHandlerAdapter.invokeHandlerMethod(RequestMappingHandlerAdapter.java:986) ~[spring-webmvc-6.2.5.jar:6.2.5]
	at org.springframework.web.servlet.mvc.method.annotation.RequestMappingHandlerAdapter.handleInternal(RequestMappingHandlerAdapter.java:891) ~[spring-webmvc-6.2.5.jar:6.2.5]
	at org.springframework.web.servlet.mvc.method.AbstractHandlerMethodAdapter.handle(AbstractHandlerMethodAdapter.java:87) ~[spring-webmvc-6.2.5.jar:6.2.5]
	at org.springframework.web.servlet.DispatcherServlet.doDispatch(DispatcherServlet.java:1089) ~[spring-webmvc-6.2.5.jar:6.2.5]
	at org.springframework.web.servlet.DispatcherServlet.doService(DispatcherServlet.java:979) ~[spring-webmvc-6.2.5.jar:6.2.5]
	at org.springframework.web.servlet.FrameworkServlet.processRequest(FrameworkServlet.java:1014) ~[spring-webmvc-6.2.5.jar:6.2.5]
	at org.springframework.web.servlet.FrameworkServlet.doGet(FrameworkServlet.java:903) ~[spring-webmvc-6.2.5.jar:6.2.5]
	at jakarta.servlet.http.HttpServlet.service(HttpServlet.java:564) ~[tomcat-embed-core-10.1.39.jar:6.0]
	at org.springframework.web.servlet.FrameworkServlet.service(FrameworkServlet.java:885) ~[spring-webmvc-6.2.5.jar:6.2.5]
	at org.springframework.test.web.servlet.TestDispatcherServlet.service(TestDispatcherServlet.java:72) ~[spring-test-6.2.5.jar:6.2.5]
	at jakarta.servlet.http.HttpServlet.service(HttpServlet.java:658) ~[tomcat-embed-core-10.1.39.jar:6.0]
	at org.springframework.mock.web.MockFilterChain$ServletFilterProxy.doFilter(MockFilterChain.java:165) ~[spring-test-6.2.5.jar:6.2.5]
	at org.springframework.mock.web.MockFilterChain.doFilter(MockFilterChain.java:132) ~[spring-test-6.2.5.jar:6.2.5]
	at com.example.ms_carrito.security.filter.JwtAuthFilter.doFilterInternal(JwtAuthFilter.java:40) ~[classes/:na]
	at org.springframework.web.filter.OncePerRequestFilter.doFilter(OncePerRequestFilter.java:116) ~[spring-web-6.2.5.jar:6.2.5]
	at org.springframework.test.web.servlet.setup.MockMvcFilterDecorator.doFilter(MockMvcFilterDecorator.java:162) ~[spring-test-6.2.5.jar:6.2.5]
	at org.springframework.mock.web.MockFilterChain.doFilter(MockFilterChain.java:132) ~[spring-test-6.2.5.jar:6.2.5]
	at org.springframework.web.filter.CompositeFilter$VirtualFilterChain.doFilter(CompositeFilter.java:108) ~[spring-web-6.2.5.jar:6.2.5]
	at org.springframework.security.web.FilterChainProxy.lambda$doFilterInternal$3(FilterChainProxy.java:231) ~[spring-security-web-6.4.4.jar:6.4.4]
	at org.springframework.security.web.FilterChainProxy$VirtualFilterChain.doFilter(FilterChainProxy.java:365) ~[spring-security-web-6.4.4.jar:6.4.4]
	at org.springframework.security.web.access.intercept.AuthorizationFilter.doFilter(AuthorizationFilter.java:101) ~[spring-security-web-6.4.4.jar:6.4.4]
	at org.springframework.security.web.FilterChainProxy$VirtualFilterChain.doFilter(FilterChainProxy.java:374) ~[spring-security-web-6.4.4.jar:6.4.4]
	at org.springframework.security.web.access.ExceptionTranslationFilter.doFilter(ExceptionTranslationFilter.java:126) ~[spring-security-web-6.4.4.jar:6.4.4]
	at org.springframework.security.web.access.ExceptionTranslationFilter.doFilter(ExceptionTranslationFilter.java:120) ~[spring-security-web-6.4.4.jar:6.4.4]
	at org.springframework.security.web.FilterChainProxy$VirtualFilterChain.doFilter(FilterChainProxy.java:374) ~[spring-security-web-6.4.4.jar:6.4.4]
	at org.springframework.security.web.authentication.AnonymousAuthenticationFilter.doFilter(AnonymousAuthenticationFilter.java:100) ~[spring-security-web-6.4.4.jar:6.4.4]
	at org.springframework.security.web.FilterChainProxy$VirtualFilterChain.doFilter(FilterChainProxy.java:374) ~[spring-security-web-6.4.4.jar:6.4.4]
	at org.springframework.security.web.servletapi.SecurityContextHolderAwareRequestFilter.doFilter(SecurityContextHolderAwareRequestFilter.java:179) ~[spring-security-web-6.4.4.jar:6.4.4]
	at org.springframework.security.web.FilterChainProxy$VirtualFilterChain.doFilter(FilterChainProxy.java:374) ~[spring-security-web-6.4.4.jar:6.4.4]
	at org.springframework.security.web.savedrequest.RequestCacheAwareFilter.doFilter(RequestCacheAwareFilter.java:63) ~[spring-security-web-6.4.4.jar:6.4.4]
	at org.springframework.security.web.FilterChainProxy$VirtualFilterChain.doFilter(FilterChainProxy.java:374) ~[spring-security-web-6.4.4.jar:6.4.4]
	at org.springframework.security.web.authentication.www.BasicAuthenticationFilter.doFilterInternal(BasicAuthenticationFilter.java:181) ~[spring-security-web-6.4.4.jar:6.4.4]
	at org.springframework.web.filter.OncePerRequestFilter.doFilter(OncePerRequestFilter.java:116) ~[spring-web-6.2.5.jar:6.2.5]
	at org.springframework.security.web.FilterChainProxy$VirtualFilterChain.doFilter(FilterChainProxy.java:374) ~[spring-security-web-6.4.4.jar:6.4.4]
	at org.springframework.security.web.authentication.ui.DefaultLogoutPageGeneratingFilter.doFilterInternal(DefaultLogoutPageGeneratingFilter.java:58) ~[spring-security-web-6.4.4.jar:6.4.4]
	at org.springframework.web.filter.OncePerRequestFilter.doFilter(OncePerRequestFilter.java:116) ~[spring-web-6.2.5.jar:6.2.5]
	at org.springframework.security.web.FilterChainProxy$VirtualFilterChain.doFilter(FilterChainProxy.java:374) ~[spring-security-web-6.4.4.jar:6.4.4]
	at org.springframework.security.web.authentication.ui.DefaultLoginPageGeneratingFilter.doFilter(DefaultLoginPageGeneratingFilter.java:220) ~[spring-security-web-6.4.4.jar:6.4.4]
	at org.springframework.security.web.authentication.ui.DefaultLoginPageGeneratingFilter.doFilter(DefaultLoginPageGeneratingFilter.java:206) ~[spring-security-web-6.4.4.jar:6.4.4]
	at org.springframework.security.web.FilterChainProxy$VirtualFilterChain.doFilter(FilterChainProxy.java:374) ~[spring-security-web-6.4.4.jar:6.4.4]
	at org.springframework.security.web.authentication.ui.DefaultResourcesFilter.doFilter(DefaultResourcesFilter.java:72) ~[spring-security-web-6.4.4.jar:6.4.4]
	at org.springframework.security.web.FilterChainProxy$VirtualFilterChain.doFilter(FilterChainProxy.java:374) ~[spring-security-web-6.4.4.jar:6.4.4]
	at org.springframework.security.web.authentication.AbstractAuthenticationProcessingFilter.doFilter(AbstractAuthenticationProcessingFilter.java:227) ~[spring-security-web-6.4.4.jar:6.4.4]
	at org.springframework.security.web.authentication.AbstractAuthenticationProcessingFilter.doFilter(AbstractAuthenticationProcessingFilter.java:221) ~[spring-security-web-6.4.4.jar:6.4.4]
	at org.springframework.security.web.FilterChainProxy$VirtualFilterChain.doFilter(FilterChainProxy.java:374) ~[spring-security-web-6.4.4.jar:6.4.4]
	at org.springframework.security.web.authentication.logout.LogoutFilter.doFilter(LogoutFilter.java:107) ~[spring-security-web-6.4.4.jar:6.4.4]
	at org.springframework.security.web.authentication.logout.LogoutFilter.doFilter(LogoutFilter.java:93) ~[spring-security-web-6.4.4.jar:6.4.4]
	at org.springframework.security.web.FilterChainProxy$VirtualFilterChain.doFilter(FilterChainProxy.java:374) ~[spring-security-web-6.4.4.jar:6.4.4]
	at org.springframework.security.web.csrf.CsrfFilter.doFilterInternal(CsrfFilter.java:117) ~[spring-security-web-6.4.4.jar:6.4.4]
	at org.springframework.web.filter.OncePerRequestFilter.doFilter(OncePerRequestFilter.java:116) ~[spring-web-6.2.5.jar:6.2.5]
	at org.springframework.security.web.FilterChainProxy$VirtualFilterChain.doFilter(FilterChainProxy.java:374) ~[spring-security-web-6.4.4.jar:6.4.4]
	at org.springframework.security.web.header.HeaderWriterFilter.doHeadersAfter(HeaderWriterFilter.java:90) ~[spring-security-web-6.4.4.jar:6.4.4]
	at org.springframework.security.web.header.HeaderWriterFilter.doFilterInternal(HeaderWriterFilter.java:75) ~[spring-security-web-6.4.4.jar:6.4.4]
	at org.springframework.web.filter.OncePerRequestFilter.doFilter(OncePerRequestFilter.java:116) ~[spring-web-6.2.5.jar:6.2.5]
	at org.springframework.security.web.FilterChainProxy$VirtualFilterChain.doFilter(FilterChainProxy.java:374) ~[spring-security-web-6.4.4.jar:6.4.4]
	at org.springframework.security.web.context.SecurityContextHolderFilter.doFilter(SecurityContextHolderFilter.java:82) ~[spring-security-web-6.4.4.jar:6.4.4]
	at org.springframework.security.web.context.SecurityContextHolderFilter.doFilter(SecurityContextHolderFilter.java:69) ~[spring-security-web-6.4.4.jar:6.4.4]
	at org.springframework.security.web.FilterChainProxy$VirtualFilterChain.doFilter(FilterChainProxy.java:374) ~[spring-security-web-6.4.4.jar:6.4.4]
	at org.springframework.security.web.context.request.async.WebAsyncManagerIntegrationFilter.doFilterInternal(WebAsyncManagerIntegrationFilter.java:62) ~[spring-security-web-6.4.4.jar:6.4.4]
	at org.springframework.web.filter.OncePerRequestFilter.doFilter(OncePerRequestFilter.java:116) ~[spring-web-6.2.5.jar:6.2.5]
	at org.springframework.security.web.FilterChainProxy$VirtualFilterChain.doFilter(FilterChainProxy.java:374) ~[spring-security-web-6.4.4.jar:6.4.4]
	at org.springframework.security.web.session.DisableEncodeUrlFilter.doFilterInternal(DisableEncodeUrlFilter.java:42) ~[spring-security-web-6.4.4.jar:6.4.4]
	at org.springframework.web.filter.OncePerRequestFilter.doFilter(OncePerRequestFilter.java:116) ~[spring-web-6.2.5.jar:6.2.5]
	at org.springframework.security.web.FilterChainProxy$VirtualFilterChain.doFilter(FilterChainProxy.java:374) ~[spring-security-web-6.4.4.jar:6.4.4]
	at org.springframework.security.web.FilterChainProxy.doFilterInternal(FilterChainProxy.java:233) ~[spring-security-web-6.4.4.jar:6.4.4]
	at org.springframework.security.web.FilterChainProxy.doFilter(FilterChainProxy.java:191) ~[spring-security-web-6.4.4.jar:6.4.4]
	at org.springframework.web.filter.CompositeFilter$VirtualFilterChain.doFilter(CompositeFilter.java:113) ~[spring-web-6.2.5.jar:6.2.5]
	at org.springframework.web.servlet.handler.HandlerMappingIntrospector.lambda$createCacheFilter$3(HandlerMappingIntrospector.java:243) ~[spring-webmvc-6.2.5.jar:6.2.5]
	at org.springframework.web.filter.CompositeFilter$VirtualFilterChain.doFilter(CompositeFilter.java:113) ~[spring-web-6.2.5.jar:6.2.5]
	at org.springframework.web.filter.CompositeFilter.doFilter(CompositeFilter.java:74) ~[spring-web-6.2.5.jar:6.2.5]
	at org.springframework.security.config.annotation.web.configuration.WebMvcSecurityConfiguration$CompositeFilterChainProxy.doFilter(WebMvcSecurityConfiguration.java:238) ~[spring-security-config-6.4.4.jar:6.4.4]
	at org.springframework.web.filter.DelegatingFilterProxy.invokeDelegate(DelegatingFilterProxy.java:362) ~[spring-web-6.2.5.jar:6.2.5]
	at org.springframework.web.filter.DelegatingFilterProxy.doFilter(DelegatingFilterProxy.java:278) ~[spring-web-6.2.5.jar:6.2.5]
	at org.springframework.test.web.servlet.setup.MockMvcFilterDecorator.doFilter(MockMvcFilterDecorator.java:162) ~[spring-test-6.2.5.jar:6.2.5]
	at org.springframework.mock.web.MockFilterChain.doFilter(MockFilterChain.java:132) ~[spring-test-6.2.5.jar:6.2.5]
	at org.springframework.web.filter.RequestContextFilter.doFilterInternal(RequestContextFilter.java:100) ~[spring-web-6.2.5.jar:6.2.5]
	at org.springframework.web.filter.OncePerRequestFilter.doFilter(OncePerRequestFilter.java:116) ~[spring-web-6.2.5.jar:6.2.5]
	at org.springframework.test.web.servlet.setup.MockMvcFilterDecorator.doFilter(MockMvcFilterDecorator.java:162) ~[spring-test-6.2.5.jar:6.2.5]
	at org.springframework.mock.web.MockFilterChain.doFilter(MockFilterChain.java:132) ~[spring-test-6.2.5.jar:6.2.5]
	at org.springframework.web.filter.FormContentFilter.doFilterInternal(FormContentFilter.java:93) ~[spring-web-6.2.5.jar:6.2.5]
	at org.springframework.web.filter.OncePerRequestFilter.doFilter(OncePerRequestFilter.java:116) ~[spring-web-6.2.5.jar:6.2.5]
	at org.springframework.test.web.servlet.setup.MockMvcFilterDecorator.doFilter(MockMvcFilterDecorator.java:162) ~[spring-test-6.2.5.jar:6.2.5]
	at org.springframework.mock.web.MockFilterChain.doFilter(MockFilterChain.java:132) ~[spring-test-6.2.5.jar:6.2.5]
	at org.springframework.web.filter.CharacterEncodingFilter.doFilterInternal(CharacterEncodingFilter.java:201) ~[spring-web-6.2.5.jar:6.2.5]
	at org.springframework.web.filter.OncePerRequestFilter.doFilter(OncePerRequestFilter.java:116) ~[spring-web-6.2.5.jar:6.2.5]
	at org.springframework.test.web.servlet.setup.MockMvcFilterDecorator.doFilter(MockMvcFilterDecorator.java:162) ~[spring-test-6.2.5.jar:6.2.5]
	at org.springframework.mock.web.MockFilterChain.doFilter(MockFilterChain.java:132) ~[spring-test-6.2.5.jar:6.2.5]
	at org.springframework.test.web.servlet.MockMvc.perform(MockMvc.java:201) ~[spring-test-6.2.5.jar:6.2.5]
	at com.example.ms_carrito.controller.CarritoAdminControllerTest.deberiaRetornarCarritoDeCualquierUsuario(CarritoAdminControllerTest.java:47) ~[test-classes/:na]
	at java.base/jdk.internal.reflect.DirectMethodHandleAccessor.invoke(DirectMethodHandleAccessor.java:103) ~[na:na]
	at java.base/java.lang.reflect.Method.invoke(Method.java:580) ~[na:na]
	at org.junit.platform.commons.util.ReflectionUtils.invokeMethod(ReflectionUtils.java:767) ~[junit-platform-commons-1.11.4.jar:1.11.4]
	at org.junit.jupiter.engine.execution.MethodInvocation.proceed(MethodInvocation.java:60) ~[junit-jupiter-engine-5.11.4.jar:5.11.4]
	at org.junit.jupiter.engine.execution.InvocationInterceptorChain$ValidatingInvocation.proceed(InvocationInterceptorChain.java:131) ~[junit-jupiter-engine-5.11.4.jar:5.11.4]
	at org.junit.jupiter.engine.extension.TimeoutExtension.intercept(TimeoutExtension.java:156) ~[junit-jupiter-engine-5.11.4.jar:5.11.4]
	at org.junit.jupiter.engine.extension.TimeoutExtension.interceptTestableMethod(TimeoutExtension.java:147) ~[junit-jupiter-engine-5.11.4.jar:5.11.4]
	at org.junit.jupiter.engine.extension.TimeoutExtension.interceptTestMethod(TimeoutExtension.java:86) ~[junit-jupiter-engine-5.11.4.jar:5.11.4]
	at org.junit.jupiter.engine.execution.InterceptingExecutableInvoker$ReflectiveInterceptorCall.lambda$ofVoidMethod$0(InterceptingExecutableInvoker.java:103) ~[junit-jupiter-engine-5.11.4.jar:5.11.4]
	at org.junit.jupiter.engine.execution.InterceptingExecutableInvoker.lambda$invoke$0(InterceptingExecutableInvoker.java:93) ~[junit-jupiter-engine-5.11.4.jar:5.11.4]
	at org.junit.jupiter.engine.execution.InvocationInterceptorChain$InterceptedInvocation.proceed(InvocationInterceptorChain.java:106) ~[junit-jupiter-engine-5.11.4.jar:5.11.4]
	at org.junit.jupiter.engine.execution.InvocationInterceptorChain.proceed(InvocationInterceptorChain.java:64) ~[junit-jupiter-engine-5.11.4.jar:5.11.4]
	at org.junit.jupiter.engine.execution.InvocationInterceptorChain.chainAndInvoke(InvocationInterceptorChain.java:45) ~[junit-jupiter-engine-5.11.4.jar:5.11.4]
	at org.junit.jupiter.engine.execution.InvocationInterceptorChain.invoke(InvocationInterceptorChain.java:37) ~[junit-jupiter-engine-5.11.4.jar:5.11.4]
	at org.junit.jupiter.engine.execution.InterceptingExecutableInvoker.invoke(InterceptingExecutableInvoker.java:92) ~[junit-jupiter-engine-5.11.4.jar:5.11.4]
	at org.junit.jupiter.engine.execution.InterceptingExecutableInvoker.invoke(InterceptingExecutableInvoker.java:86) ~[junit-jupiter-engine-5.11.4.jar:5.11.4]
	at org.junit.jupiter.engine.descriptor.TestMethodTestDescriptor.lambda$invokeTestMethod$8(TestMethodTestDescriptor.java:217) ~[junit-jupiter-engine-5.11.4.jar:5.11.4]
	at org.junit.platform.engine.support.hierarchical.ThrowableCollector.execute(ThrowableCollector.java:73) ~[junit-platform-engine-1.11.4.jar:1.11.4]
	at org.junit.jupiter.engine.descriptor.TestMethodTestDescriptor.invokeTestMethod(TestMethodTestDescriptor.java:213) ~[junit-jupiter-engine-5.11.4.jar:5.11.4]
	at org.junit.jupiter.engine.descriptor.TestMethodTestDescriptor.execute(TestMethodTestDescriptor.java:138) ~[junit-jupiter-engine-5.11.4.jar:5.11.4]
	at org.junit.jupiter.engine.descriptor.TestMethodTestDescriptor.execute(TestMethodTestDescriptor.java:68) ~[junit-jupiter-engine-5.11.4.jar:5.11.4]
	at org.junit.platform.engine.support.hierarchical.NodeTestTask.lambda$executeRecursively$6(NodeTestTask.java:156) ~[junit-platform-engine-1.11.4.jar:1.11.4]
	at org.junit.platform.engine.support.hierarchical.ThrowableCollector.execute(ThrowableCollector.java:73) ~[junit-platform-engine-1.11.4.jar:1.11.4]
	at org.junit.platform.engine.support.hierarchical.NodeTestTask.lambda$executeRecursively$8(NodeTestTask.java:146) ~[junit-platform-engine-1.11.4.jar:1.11.4]
	at org.junit.platform.engine.support.hierarchical.Node.around(Node.java:137) ~[junit-platform-engine-1.11.4.jar:1.11.4]
	at org.junit.platform.engine.support.hierarchical.NodeTestTask.lambda$executeRecursively$9(NodeTestTask.java:144) ~[junit-platform-engine-1.11.4.jar:1.11.4]
	at org.junit.platform.engine.support.hierarchical.ThrowableCollector.execute(ThrowableCollector.java:73) ~[junit-platform-engine-1.11.4.jar:1.11.4]
	at org.junit.platform.engine.support.hierarchical.NodeTestTask.executeRecursively(NodeTestTask.java:143) ~[junit-platform-engine-1.11.4.jar:1.11.4]
	at org.junit.platform.engine.support.hierarchical.NodeTestTask.execute(NodeTestTask.java:100) ~[junit-platform-engine-1.11.4.jar:1.11.4]
	at java.base/java.util.ArrayList.forEach(ArrayList.java:1596) ~[na:na]
	at org.junit.platform.engine.support.hierarchical.SameThreadHierarchicalTestExecutorService.invokeAll(SameThreadHierarchicalTestExecutorService.java:41) ~[junit-platform-engine-1.11.4.jar:1.11.4]
	at org.junit.platform.engine.support.hierarchical.NodeTestTask.lambda$executeRecursively$6(NodeTestTask.java:160) ~[junit-platform-engine-1.11.4.jar:1.11.4]
	at org.junit.platform.engine.support.hierarchical.ThrowableCollector.execute(ThrowableCollector.java:73) ~[junit-platform-engine-1.11.4.jar:1.11.4]
	at org.junit.platform.engine.support.hierarchical.NodeTestTask.lambda$executeRecursively$8(NodeTestTask.java:146) ~[junit-platform-engine-1.11.4.jar:1.11.4]
	at org.junit.platform.engine.support.hierarchical.Node.around(Node.java:137) ~[junit-platform-engine-1.11.4.jar:1.11.4]
	at org.junit.platform.engine.support.hierarchical.NodeTestTask.lambda$executeRecursively$9(NodeTestTask.java:144) ~[junit-platform-engine-1.11.4.jar:1.11.4]
	at org.junit.platform.engine.support.hierarchical.ThrowableCollector.execute(ThrowableCollector.java:73) ~[junit-platform-engine-1.11.4.jar:1.11.4]
	at org.junit.platform.engine.support.hierarchical.NodeTestTask.executeRecursively(NodeTestTask.java:143) ~[junit-platform-engine-1.11.4.jar:1.11.4]
	at org.junit.platform.engine.support.hierarchical.NodeTestTask.execute(NodeTestTask.java:100) ~[junit-platform-engine-1.11.4.jar:1.11.4]
	at java.base/java.util.ArrayList.forEach(ArrayList.java:1596) ~[na:na]
	at org.junit.platform.engine.support.hierarchical.SameThreadHierarchicalTestExecutorService.invokeAll(SameThreadHierarchicalTestExecutorService.java:41) ~[junit-platform-engine-1.11.4.jar:1.11.4]
	at org.junit.platform.engine.support.hierarchical.NodeTestTask.lambda$executeRecursively$6(NodeTestTask.java:160) ~[junit-platform-engine-1.11.4.jar:1.11.4]
	at org.junit.platform.engine.support.hierarchical.ThrowableCollector.execute(ThrowableCollector.java:73) ~[junit-platform-engine-1.11.4.jar:1.11.4]
	at org.junit.platform.engine.support.hierarchical.NodeTestTask.lambda$executeRecursively$8(NodeTestTask.java:146) ~[junit-platform-engine-1.11.4.jar:1.11.4]
	at org.junit.platform.engine.support.hierarchical.Node.around(Node.java:137) ~[junit-platform-engine-1.11.4.jar:1.11.4]
	at org.junit.platform.engine.support.hierarchical.NodeTestTask.lambda$executeRecursively$9(NodeTestTask.java:144) ~[junit-platform-engine-1.11.4.jar:1.11.4]
	at org.junit.platform.engine.support.hierarchical.ThrowableCollector.execute(ThrowableCollector.java:73) ~[junit-platform-engine-1.11.4.jar:1.11.4]
	at org.junit.platform.engine.support.hierarchical.NodeTestTask.executeRecursively(NodeTestTask.java:143) ~[junit-platform-engine-1.11.4.jar:1.11.4]
	at org.junit.platform.engine.support.hierarchical.NodeTestTask.execute(NodeTestTask.java:100) ~[junit-platform-engine-1.11.4.jar:1.11.4]
	at org.junit.platform.engine.support.hierarchical.SameThreadHierarchicalTestExecutorService.submit(SameThreadHierarchicalTestExecutorService.java:35) ~[junit-platform-engine-1.11.4.jar:1.11.4]
	at org.junit.platform.engine.support.hierarchical.HierarchicalTestExecutor.execute(HierarchicalTestExecutor.java:57) ~[junit-platform-engine-1.11.4.jar:1.11.4]
	at org.junit.platform.engine.support.hierarchical.HierarchicalTestEngine.execute(HierarchicalTestEngine.java:54) ~[junit-platform-engine-1.11.4.jar:1.11.4]
	at org.junit.platform.launcher.core.EngineExecutionOrchestrator.execute(EngineExecutionOrchestrator.java:198) ~[junit-platform-launcher-1.11.4.jar:1.11.4]
	at org.junit.platform.launcher.core.EngineExecutionOrchestrator.execute(EngineExecutionOrchestrator.java:169) ~[junit-platform-launcher-1.11.4.jar:1.11.4]
	at org.junit.platform.launcher.core.EngineExecutionOrchestrator.execute(EngineExecutionOrchestrator.java:93) ~[junit-platform-launcher-1.11.4.jar:1.11.4]
	at org.junit.platform.launcher.core.EngineExecutionOrchestrator.lambda$execute$0(EngineExecutionOrchestrator.java:58) ~[junit-platform-launcher-1.11.4.jar:1.11.4]
	at org.junit.platform.launcher.core.EngineExecutionOrchestrator.withInterceptedStreams(EngineExecutionOrchestrator.java:141) ~[junit-platform-launcher-1.11.4.jar:1.11.4]
	at org.junit.platform.launcher.core.EngineExecutionOrchestrator.execute(EngineExecutionOrchestrator.java:57) ~[junit-platform-launcher-1.11.4.jar:1.11.4]
	at org.junit.platform.launcher.core.DefaultLauncher.execute(DefaultLauncher.java:103) ~[junit-platform-launcher-1.11.4.jar:1.11.4]
	at org.junit.platform.launcher.core.DefaultLauncher.execute(DefaultLauncher.java:85) ~[junit-platform-launcher-1.11.4.jar:1.11.4]
	at org.junit.platform.launcher.core.DelegatingLauncher.execute(DelegatingLauncher.java:47) ~[junit-platform-launcher-1.11.4.jar:1.11.4]
	at org.apache.maven.surefire.junitplatform.LazyLauncher.execute(LazyLauncher.java:56) ~[surefire-junit-platform-3.5.2.jar:3.5.2]
	at org.apache.maven.surefire.junitplatform.JUnitPlatformProvider.execute(JUnitPlatformProvider.java:184) ~[surefire-junit-platform-3.5.2.jar:3.5.2]
	at org.apache.maven.surefire.junitplatform.JUnitPlatformProvider.invokeAllTests(JUnitPlatformProvider.java:148) ~[surefire-junit-platform-3.5.2.jar:3.5.2]
	at org.apache.maven.surefire.junitplatform.JUnitPlatformProvider.invoke(JUnitPlatformProvider.java:122) ~[surefire-junit-platform-3.5.2.jar:3.5.2]
	at org.apache.maven.surefire.booter.ForkedBooter.runSuitesInProcess(ForkedBooter.java:385) ~[surefire-booter-3.5.2.jar:3.5.2]
	at org.apache.maven.surefire.booter.ForkedBooter.execute(ForkedBooter.java:162) ~[surefire-booter-3.5.2.jar:3.5.2]
	at org.apache.maven.surefire.booter.ForkedBooter.run(ForkedBooter.java:507) ~[surefire-booter-3.5.2.jar:3.5.2]
	at org.apache.maven.surefire.booter.ForkedBooter.main(ForkedBooter.java:495) ~[surefire-booter-3.5.2.jar:3.5.2]

2026-07-12T19:59:57.504-04:00 DEBUG 9948 --- [ms-carrito] [main] c.e.m.security.filter.JwtAuthFilter      : No se encontró token Bearer
2026-07-12T19:59:57.508-04:00 ERROR 9948 --- [ms-carrito] [main] c.e.m.exception.GlobalExceptionHandler   : Error inesperado: Required URI template variable 'Id' for method parameter type Long is not present

org.springframework.web.bind.MissingPathVariableException: Required URI template variable 'Id' for method parameter type Long is not present
	at org.springframework.web.servlet.mvc.method.annotation.PathVariableMethodArgumentResolver.handleMissingValue(PathVariableMethodArgumentResolver.java:101) ~[spring-webmvc-6.2.5.jar:6.2.5]
	at org.springframework.web.method.annotation.AbstractNamedValueMethodArgumentResolver.handleMissingValue(AbstractNamedValueMethodArgumentResolver.java:234) ~[spring-web-6.2.5.jar:6.2.5]
	at org.springframework.web.method.annotation.AbstractNamedValueMethodArgumentResolver.resolveArgument(AbstractNamedValueMethodArgumentResolver.java:125) ~[spring-web-6.2.5.jar:6.2.5]
	at org.springframework.web.method.support.HandlerMethodArgumentResolverComposite.resolveArgument(HandlerMethodArgumentResolverComposite.java:122) ~[spring-web-6.2.5.jar:6.2.5]
	at org.springframework.web.method.support.InvocableHandlerMethod.getMethodArgumentValues(InvocableHandlerMethod.java:227) ~[spring-web-6.2.5.jar:6.2.5]
	at org.springframework.web.method.support.InvocableHandlerMethod.invokeForRequest(InvocableHandlerMethod.java:181) ~[spring-web-6.2.5.jar:6.2.5]
	at org.springframework.web.servlet.mvc.method.annotation.ServletInvocableHandlerMethod.invokeAndHandle(ServletInvocableHandlerMethod.java:118) ~[spring-webmvc-6.2.5.jar:6.2.5]
	at org.springframework.web.servlet.mvc.method.annotation.RequestMappingHandlerAdapter.invokeHandlerMethod(RequestMappingHandlerAdapter.java:986) ~[spring-webmvc-6.2.5.jar:6.2.5]
	at org.springframework.web.servlet.mvc.method.annotation.RequestMappingHandlerAdapter.handleInternal(RequestMappingHandlerAdapter.java:891) ~[spring-webmvc-6.2.5.jar:6.2.5]
	at org.springframework.web.servlet.mvc.method.AbstractHandlerMethodAdapter.handle(AbstractHandlerMethodAdapter.java:87) ~[spring-webmvc-6.2.5.jar:6.2.5]
	at org.springframework.web.servlet.DispatcherServlet.doDispatch(DispatcherServlet.java:1089) ~[spring-webmvc-6.2.5.jar:6.2.5]
	at org.springframework.web.servlet.DispatcherServlet.doService(DispatcherServlet.java:979) ~[spring-webmvc-6.2.5.jar:6.2.5]
	at org.springframework.web.servlet.FrameworkServlet.processRequest(FrameworkServlet.java:1014) ~[spring-webmvc-6.2.5.jar:6.2.5]
	at org.springframework.web.servlet.FrameworkServlet.doDelete(FrameworkServlet.java:936) ~[spring-webmvc-6.2.5.jar:6.2.5]
	at jakarta.servlet.http.HttpServlet.service(HttpServlet.java:596) ~[tomcat-embed-core-10.1.39.jar:6.0]
	at org.springframework.web.servlet.FrameworkServlet.service(FrameworkServlet.java:885) ~[spring-webmvc-6.2.5.jar:6.2.5]
	at org.springframework.test.web.servlet.TestDispatcherServlet.service(TestDispatcherServlet.java:72) ~[spring-test-6.2.5.jar:6.2.5]
	at jakarta.servlet.http.HttpServlet.service(HttpServlet.java:658) ~[tomcat-embed-core-10.1.39.jar:6.0]
	at org.springframework.mock.web.MockFilterChain$ServletFilterProxy.doFilter(MockFilterChain.java:165) ~[spring-test-6.2.5.jar:6.2.5]
	at org.springframework.mock.web.MockFilterChain.doFilter(MockFilterChain.java:132) ~[spring-test-6.2.5.jar:6.2.5]
	at com.example.ms_carrito.security.filter.JwtAuthFilter.doFilterInternal(JwtAuthFilter.java:40) ~[classes/:na]
	at org.springframework.web.filter.OncePerRequestFilter.doFilter(OncePerRequestFilter.java:116) ~[spring-web-6.2.5.jar:6.2.5]
	at org.springframework.test.web.servlet.setup.MockMvcFilterDecorator.doFilter(MockMvcFilterDecorator.java:162) ~[spring-test-6.2.5.jar:6.2.5]
	at org.springframework.mock.web.MockFilterChain.doFilter(MockFilterChain.java:132) ~[spring-test-6.2.5.jar:6.2.5]
	at org.springframework.web.filter.CompositeFilter$VirtualFilterChain.doFilter(CompositeFilter.java:108) ~[spring-web-6.2.5.jar:6.2.5]
	at org.springframework.security.web.FilterChainProxy.lambda$doFilterInternal$3(FilterChainProxy.java:231) ~[spring-security-web-6.4.4.jar:6.4.4]
	at org.springframework.security.web.FilterChainProxy$VirtualFilterChain.doFilter(FilterChainProxy.java:365) ~[spring-security-web-6.4.4.jar:6.4.4]
	at org.springframework.security.web.access.intercept.AuthorizationFilter.doFilter(AuthorizationFilter.java:101) ~[spring-security-web-6.4.4.jar:6.4.4]
	at org.springframework.security.web.FilterChainProxy$VirtualFilterChain.doFilter(FilterChainProxy.java:374) ~[spring-security-web-6.4.4.jar:6.4.4]
	at org.springframework.security.web.access.ExceptionTranslationFilter.doFilter(ExceptionTranslationFilter.java:126) ~[spring-security-web-6.4.4.jar:6.4.4]
	at org.springframework.security.web.access.ExceptionTranslationFilter.doFilter(ExceptionTranslationFilter.java:120) ~[spring-security-web-6.4.4.jar:6.4.4]
	at org.springframework.security.web.FilterChainProxy$VirtualFilterChain.doFilter(FilterChainProxy.java:374) ~[spring-security-web-6.4.4.jar:6.4.4]
	at org.springframework.security.web.authentication.AnonymousAuthenticationFilter.doFilter(AnonymousAuthenticationFilter.java:100) ~[spring-security-web-6.4.4.jar:6.4.4]
	at org.springframework.security.web.FilterChainProxy$VirtualFilterChain.doFilter(FilterChainProxy.java:374) ~[spring-security-web-6.4.4.jar:6.4.4]
	at org.springframework.security.web.servletapi.SecurityContextHolderAwareRequestFilter.doFilter(SecurityContextHolderAwareRequestFilter.java:179) ~[spring-security-web-6.4.4.jar:6.4.4]
	at org.springframework.security.web.FilterChainProxy$VirtualFilterChain.doFilter(FilterChainProxy.java:374) ~[spring-security-web-6.4.4.jar:6.4.4]
	at org.springframework.security.web.savedrequest.RequestCacheAwareFilter.doFilter(RequestCacheAwareFilter.java:63) ~[spring-security-web-6.4.4.jar:6.4.4]
	at org.springframework.security.web.FilterChainProxy$VirtualFilterChain.doFilter(FilterChainProxy.java:374) ~[spring-security-web-6.4.4.jar:6.4.4]
	at org.springframework.security.web.authentication.www.BasicAuthenticationFilter.doFilterInternal(BasicAuthenticationFilter.java:181) ~[spring-security-web-6.4.4.jar:6.4.4]
	at org.springframework.web.filter.OncePerRequestFilter.doFilter(OncePerRequestFilter.java:116) ~[spring-web-6.2.5.jar:6.2.5]
	at org.springframework.security.web.FilterChainProxy$VirtualFilterChain.doFilter(FilterChainProxy.java:374) ~[spring-security-web-6.4.4.jar:6.4.4]
	at org.springframework.security.web.authentication.ui.DefaultLogoutPageGeneratingFilter.doFilterInternal(DefaultLogoutPageGeneratingFilter.java:58) ~[spring-security-web-6.4.4.jar:6.4.4]
	at org.springframework.web.filter.OncePerRequestFilter.doFilter(OncePerRequestFilter.java:116) ~[spring-web-6.2.5.jar:6.2.5]
	at org.springframework.security.web.FilterChainProxy$VirtualFilterChain.doFilter(FilterChainProxy.java:374) ~[spring-security-web-6.4.4.jar:6.4.4]
	at org.springframework.security.web.authentication.ui.DefaultLoginPageGeneratingFilter.doFilter(DefaultLoginPageGeneratingFilter.java:220) ~[spring-security-web-6.4.4.jar:6.4.4]
	at org.springframework.security.web.authentication.ui.DefaultLoginPageGeneratingFilter.doFilter(DefaultLoginPageGeneratingFilter.java:206) ~[spring-security-web-6.4.4.jar:6.4.4]
	at org.springframework.security.web.FilterChainProxy$VirtualFilterChain.doFilter(FilterChainProxy.java:374) ~[spring-security-web-6.4.4.jar:6.4.4]
	at org.springframework.security.web.authentication.ui.DefaultResourcesFilter.doFilter(DefaultResourcesFilter.java:72) ~[spring-security-web-6.4.4.jar:6.4.4]
	at org.springframework.security.web.FilterChainProxy$VirtualFilterChain.doFilter(FilterChainProxy.java:374) ~[spring-security-web-6.4.4.jar:6.4.4]
	at org.springframework.security.web.authentication.AbstractAuthenticationProcessingFilter.doFilter(AbstractAuthenticationProcessingFilter.java:227) ~[spring-security-web-6.4.4.jar:6.4.4]
	at org.springframework.security.web.authentication.AbstractAuthenticationProcessingFilter.doFilter(AbstractAuthenticationProcessingFilter.java:221) ~[spring-security-web-6.4.4.jar:6.4.4]
	at org.springframework.security.web.FilterChainProxy$VirtualFilterChain.doFilter(FilterChainProxy.java:374) ~[spring-security-web-6.4.4.jar:6.4.4]
	at org.springframework.security.web.authentication.logout.LogoutFilter.doFilter(LogoutFilter.java:107) ~[spring-security-web-6.4.4.jar:6.4.4]
	at org.springframework.security.web.authentication.logout.LogoutFilter.doFilter(LogoutFilter.java:93) ~[spring-security-web-6.4.4.jar:6.4.4]
	at org.springframework.security.web.FilterChainProxy$VirtualFilterChain.doFilter(FilterChainProxy.java:374) ~[spring-security-web-6.4.4.jar:6.4.4]
	at org.springframework.security.web.csrf.CsrfFilter.doFilterInternal(CsrfFilter.java:131) ~[spring-security-web-6.4.4.jar:6.4.4]
	at org.springframework.web.filter.OncePerRequestFilter.doFilter(OncePerRequestFilter.java:116) ~[spring-web-6.2.5.jar:6.2.5]
	at org.springframework.security.web.FilterChainProxy$VirtualFilterChain.doFilter(FilterChainProxy.java:374) ~[spring-security-web-6.4.4.jar:6.4.4]
	at org.springframework.security.web.header.HeaderWriterFilter.doHeadersAfter(HeaderWriterFilter.java:90) ~[spring-security-web-6.4.4.jar:6.4.4]
	at org.springframework.security.web.header.HeaderWriterFilter.doFilterInternal(HeaderWriterFilter.java:75) ~[spring-security-web-6.4.4.jar:6.4.4]
	at org.springframework.web.filter.OncePerRequestFilter.doFilter(OncePerRequestFilter.java:116) ~[spring-web-6.2.5.jar:6.2.5]
	at org.springframework.security.web.FilterChainProxy$VirtualFilterChain.doFilter(FilterChainProxy.java:374) ~[spring-security-web-6.4.4.jar:6.4.4]
	at org.springframework.security.web.context.SecurityContextHolderFilter.doFilter(SecurityContextHolderFilter.java:82) ~[spring-security-web-6.4.4.jar:6.4.4]
	at org.springframework.security.web.context.SecurityContextHolderFilter.doFilter(SecurityContextHolderFilter.java:69) ~[spring-security-web-6.4.4.jar:6.4.4]
	at org.springframework.security.web.FilterChainProxy$VirtualFilterChain.doFilter(FilterChainProxy.java:374) ~[spring-security-web-6.4.4.jar:6.4.4]
	at org.springframework.security.web.context.request.async.WebAsyncManagerIntegrationFilter.doFilterInternal(WebAsyncManagerIntegrationFilter.java:62) ~[spring-security-web-6.4.4.jar:6.4.4]
	at org.springframework.web.filter.OncePerRequestFilter.doFilter(OncePerRequestFilter.java:116) ~[spring-web-6.2.5.jar:6.2.5]
	at org.springframework.security.web.FilterChainProxy$VirtualFilterChain.doFilter(FilterChainProxy.java:374) ~[spring-security-web-6.4.4.jar:6.4.4]
	at org.springframework.security.web.session.DisableEncodeUrlFilter.doFilterInternal(DisableEncodeUrlFilter.java:42) ~[spring-security-web-6.4.4.jar:6.4.4]
	at org.springframework.web.filter.OncePerRequestFilter.doFilter(OncePerRequestFilter.java:116) ~[spring-web-6.2.5.jar:6.2.5]
	at org.springframework.security.web.FilterChainProxy$VirtualFilterChain.doFilter(FilterChainProxy.java:374) ~[spring-security-web-6.4.4.jar:6.4.4]
	at org.springframework.security.web.FilterChainProxy.doFilterInternal(FilterChainProxy.java:233) ~[spring-security-web-6.4.4.jar:6.4.4]
	at org.springframework.security.web.FilterChainProxy.doFilter(FilterChainProxy.java:191) ~[spring-security-web-6.4.4.jar:6.4.4]
	at org.springframework.web.filter.CompositeFilter$VirtualFilterChain.doFilter(CompositeFilter.java:113) ~[spring-web-6.2.5.jar:6.2.5]
	at org.springframework.web.servlet.handler.HandlerMappingIntrospector.lambda$createCacheFilter$3(HandlerMappingIntrospector.java:243) ~[spring-webmvc-6.2.5.jar:6.2.5]
	at org.springframework.web.filter.CompositeFilter$VirtualFilterChain.doFilter(CompositeFilter.java:113) ~[spring-web-6.2.5.jar:6.2.5]
	at org.springframework.web.filter.CompositeFilter.doFilter(CompositeFilter.java:74) ~[spring-web-6.2.5.jar:6.2.5]
	at org.springframework.security.config.annotation.web.configuration.WebMvcSecurityConfiguration$CompositeFilterChainProxy.doFilter(WebMvcSecurityConfiguration.java:238) ~[spring-security-config-6.4.4.jar:6.4.4]
	at org.springframework.web.filter.DelegatingFilterProxy.invokeDelegate(DelegatingFilterProxy.java:362) ~[spring-web-6.2.5.jar:6.2.5]
	at org.springframework.web.filter.DelegatingFilterProxy.doFilter(DelegatingFilterProxy.java:278) ~[spring-web-6.2.5.jar:6.2.5]
	at org.springframework.test.web.servlet.setup.MockMvcFilterDecorator.doFilter(MockMvcFilterDecorator.java:162) ~[spring-test-6.2.5.jar:6.2.5]
	at org.springframework.mock.web.MockFilterChain.doFilter(MockFilterChain.java:132) ~[spring-test-6.2.5.jar:6.2.5]
	at org.springframework.web.filter.RequestContextFilter.doFilterInternal(RequestContextFilter.java:100) ~[spring-web-6.2.5.jar:6.2.5]
	at org.springframework.web.filter.OncePerRequestFilter.doFilter(OncePerRequestFilter.java:116) ~[spring-web-6.2.5.jar:6.2.5]
	at org.springframework.test.web.servlet.setup.MockMvcFilterDecorator.doFilter(MockMvcFilterDecorator.java:162) ~[spring-test-6.2.5.jar:6.2.5]
	at org.springframework.mock.web.MockFilterChain.doFilter(MockFilterChain.java:132) ~[spring-test-6.2.5.jar:6.2.5]
	at org.springframework.web.filter.FormContentFilter.doFilterInternal(FormContentFilter.java:93) ~[spring-web-6.2.5.jar:6.2.5]
	at org.springframework.web.filter.OncePerRequestFilter.doFilter(OncePerRequestFilter.java:116) ~[spring-web-6.2.5.jar:6.2.5]
	at org.springframework.test.web.servlet.setup.MockMvcFilterDecorator.doFilter(MockMvcFilterDecorator.java:162) ~[spring-test-6.2.5.jar:6.2.5]
	at org.springframework.mock.web.MockFilterChain.doFilter(MockFilterChain.java:132) ~[spring-test-6.2.5.jar:6.2.5]
	at org.springframework.web.filter.CharacterEncodingFilter.doFilterInternal(CharacterEncodingFilter.java:201) ~[spring-web-6.2.5.jar:6.2.5]
	at org.springframework.web.filter.OncePerRequestFilter.doFilter(OncePerRequestFilter.java:116) ~[spring-web-6.2.5.jar:6.2.5]
	at org.springframework.test.web.servlet.setup.MockMvcFilterDecorator.doFilter(MockMvcFilterDecorator.java:162) ~[spring-test-6.2.5.jar:6.2.5]
	at org.springframework.mock.web.MockFilterChain.doFilter(MockFilterChain.java:132) ~[spring-test-6.2.5.jar:6.2.5]
	at org.springframework.test.web.servlet.MockMvc.perform(MockMvc.java:201) ~[spring-test-6.2.5.jar:6.2.5]
	at com.example.ms_carrito.controller.CarritoAdminControllerTest.deberiaLimpiarCarritoDeCualquierUsuarioYPersistir(CarritoAdminControllerTest.java:56) ~[test-classes/:na]
	at java.base/jdk.internal.reflect.DirectMethodHandleAccessor.invoke(DirectMethodHandleAccessor.java:103) ~[na:na]
	at java.base/java.lang.reflect.Method.invoke(Method.java:580) ~[na:na]
	at org.junit.platform.commons.util.ReflectionUtils.invokeMethod(ReflectionUtils.java:767) ~[junit-platform-commons-1.11.4.jar:1.11.4]
	at org.junit.jupiter.engine.execution.MethodInvocation.proceed(MethodInvocation.java:60) ~[junit-jupiter-engine-5.11.4.jar:5.11.4]
	at org.junit.jupiter.engine.execution.InvocationInterceptorChain$ValidatingInvocation.proceed(InvocationInterceptorChain.java:131) ~[junit-jupiter-engine-5.11.4.jar:5.11.4]
	at org.junit.jupiter.engine.extension.TimeoutExtension.intercept(TimeoutExtension.java:156) ~[junit-jupiter-engine-5.11.4.jar:5.11.4]
	at org.junit.jupiter.engine.extension.TimeoutExtension.interceptTestableMethod(TimeoutExtension.java:147) ~[junit-jupiter-engine-5.11.4.jar:5.11.4]
	at org.junit.jupiter.engine.extension.TimeoutExtension.interceptTestMethod(TimeoutExtension.java:86) ~[junit-jupiter-engine-5.11.4.jar:5.11.4]
	at org.junit.jupiter.engine.execution.InterceptingExecutableInvoker$ReflectiveInterceptorCall.lambda$ofVoidMethod$0(InterceptingExecutableInvoker.java:103) ~[junit-jupiter-engine-5.11.4.jar:5.11.4]
	at org.junit.jupiter.engine.execution.InterceptingExecutableInvoker.lambda$invoke$0(InterceptingExecutableInvoker.java:93) ~[junit-jupiter-engine-5.11.4.jar:5.11.4]
	at org.junit.jupiter.engine.execution.InvocationInterceptorChain$InterceptedInvocation.proceed(InvocationInterceptorChain.java:106) ~[junit-jupiter-engine-5.11.4.jar:5.11.4]
	at org.junit.jupiter.engine.execution.InvocationInterceptorChain.proceed(InvocationInterceptorChain.java:64) ~[junit-jupiter-engine-5.11.4.jar:5.11.4]
	at org.junit.jupiter.engine.execution.InvocationInterceptorChain.chainAndInvoke(InvocationInterceptorChain.java:45) ~[junit-jupiter-engine-5.11.4.jar:5.11.4]
	at org.junit.jupiter.engine.execution.InvocationInterceptorChain.invoke(InvocationInterceptorChain.java:37) ~[junit-jupiter-engine-5.11.4.jar:5.11.4]
	at org.junit.jupiter.engine.execution.InterceptingExecutableInvoker.invoke(InterceptingExecutableInvoker.java:92) ~[junit-jupiter-engine-5.11.4.jar:5.11.4]
	at org.junit.jupiter.engine.execution.InterceptingExecutableInvoker.invoke(InterceptingExecutableInvoker.java:86) ~[junit-jupiter-engine-5.11.4.jar:5.11.4]
	at org.junit.jupiter.engine.descriptor.TestMethodTestDescriptor.lambda$invokeTestMethod$8(TestMethodTestDescriptor.java:217) ~[junit-jupiter-engine-5.11.4.jar:5.11.4]
	at org.junit.platform.engine.support.hierarchical.ThrowableCollector.execute(ThrowableCollector.java:73) ~[junit-platform-engine-1.11.4.jar:1.11.4]
	at org.junit.jupiter.engine.descriptor.TestMethodTestDescriptor.invokeTestMethod(TestMethodTestDescriptor.java:213) ~[junit-jupiter-engine-5.11.4.jar:5.11.4]
	at org.junit.jupiter.engine.descriptor.TestMethodTestDescriptor.execute(TestMethodTestDescriptor.java:138) ~[junit-jupiter-engine-5.11.4.jar:5.11.4]
	at org.junit.jupiter.engine.descriptor.TestMethodTestDescriptor.execute(TestMethodTestDescriptor.java:68) ~[junit-jupiter-engine-5.11.4.jar:5.11.4]
	at org.junit.platform.engine.support.hierarchical.NodeTestTask.lambda$executeRecursively$6(NodeTestTask.java:156) ~[junit-platform-engine-1.11.4.jar:1.11.4]
	at org.junit.platform.engine.support.hierarchical.ThrowableCollector.execute(ThrowableCollector.java:73) ~[junit-platform-engine-1.11.4.jar:1.11.4]
	at org.junit.platform.engine.support.hierarchical.NodeTestTask.lambda$executeRecursively$8(NodeTestTask.java:146) ~[junit-platform-engine-1.11.4.jar:1.11.4]
	at org.junit.platform.engine.support.hierarchical.Node.around(Node.java:137) ~[junit-platform-engine-1.11.4.jar:1.11.4]
	at org.junit.platform.engine.support.hierarchical.NodeTestTask.lambda$executeRecursively$9(NodeTestTask.java:144) ~[junit-platform-engine-1.11.4.jar:1.11.4]
	at org.junit.platform.engine.support.hierarchical.ThrowableCollector.execute(ThrowableCollector.java:73) ~[junit-platform-engine-1.11.4.jar:1.11.4]
	at org.junit.platform.engine.support.hierarchical.NodeTestTask.executeRecursively(NodeTestTask.java:143) ~[junit-platform-engine-1.11.4.jar:1.11.4]
	at org.junit.platform.engine.support.hierarchical.NodeTestTask.execute(NodeTestTask.java:100) ~[junit-platform-engine-1.11.4.jar:1.11.4]
	at java.base/java.util.ArrayList.forEach(ArrayList.java:1596) ~[na:na]
	at org.junit.platform.engine.support.hierarchical.SameThreadHierarchicalTestExecutorService.invokeAll(SameThreadHierarchicalTestExecutorService.java:41) ~[junit-platform-engine-1.11.4.jar:1.11.4]
	at org.junit.platform.engine.support.hierarchical.NodeTestTask.lambda$executeRecursively$6(NodeTestTask.java:160) ~[junit-platform-engine-1.11.4.jar:1.11.4]
	at org.junit.platform.engine.support.hierarchical.ThrowableCollector.execute(ThrowableCollector.java:73) ~[junit-platform-engine-1.11.4.jar:1.11.4]
	at org.junit.platform.engine.support.hierarchical.NodeTestTask.lambda$executeRecursively$8(NodeTestTask.java:146) ~[junit-platform-engine-1.11.4.jar:1.11.4]
	at org.junit.platform.engine.support.hierarchical.Node.around(Node.java:137) ~[junit-platform-engine-1.11.4.jar:1.11.4]
	at org.junit.platform.engine.support.hierarchical.NodeTestTask.lambda$executeRecursively$9(NodeTestTask.java:144) ~[junit-platform-engine-1.11.4.jar:1.11.4]
	at org.junit.platform.engine.support.hierarchical.ThrowableCollector.execute(ThrowableCollector.java:73) ~[junit-platform-engine-1.11.4.jar:1.11.4]
	at org.junit.platform.engine.support.hierarchical.NodeTestTask.executeRecursively(NodeTestTask.java:143) ~[junit-platform-engine-1.11.4.jar:1.11.4]
	at org.junit.platform.engine.support.hierarchical.NodeTestTask.execute(NodeTestTask.java:100) ~[junit-platform-engine-1.11.4.jar:1.11.4]
	at java.base/java.util.ArrayList.forEach(ArrayList.java:1596) ~[na:na]
	at org.junit.platform.engine.support.hierarchical.SameThreadHierarchicalTestExecutorService.invokeAll(SameThreadHierarchicalTestExecutorService.java:41) ~[junit-platform-engine-1.11.4.jar:1.11.4]
	at org.junit.platform.engine.support.hierarchical.NodeTestTask.lambda$executeRecursively$6(NodeTestTask.java:160) ~[junit-platform-engine-1.11.4.jar:1.11.4]
	at org.junit.platform.engine.support.hierarchical.ThrowableCollector.execute(ThrowableCollector.java:73) ~[junit-platform-engine-1.11.4.jar:1.11.4]
	at org.junit.platform.engine.support.hierarchical.NodeTestTask.lambda$executeRecursively$8(NodeTestTask.java:146) ~[junit-platform-engine-1.11.4.jar:1.11.4]
	at org.junit.platform.engine.support.hierarchical.Node.around(Node.java:137) ~[junit-platform-engine-1.11.4.jar:1.11.4]
	at org.junit.platform.engine.support.hierarchical.NodeTestTask.lambda$executeRecursively$9(NodeTestTask.java:144) ~[junit-platform-engine-1.11.4.jar:1.11.4]
	at org.junit.platform.engine.support.hierarchical.ThrowableCollector.execute(ThrowableCollector.java:73) ~[junit-platform-engine-1.11.4.jar:1.11.4]
	at org.junit.platform.engine.support.hierarchical.NodeTestTask.executeRecursively(NodeTestTask.java:143) ~[junit-platform-engine-1.11.4.jar:1.11.4]
	at org.junit.platform.engine.support.hierarchical.NodeTestTask.execute(NodeTestTask.java:100) ~[junit-platform-engine-1.11.4.jar:1.11.4]
	at org.junit.platform.engine.support.hierarchical.SameThreadHierarchicalTestExecutorService.submit(SameThreadHierarchicalTestExecutorService.java:35) ~[junit-platform-engine-1.11.4.jar:1.11.4]
	at org.junit.platform.engine.support.hierarchical.HierarchicalTestExecutor.execute(HierarchicalTestExecutor.java:57) ~[junit-platform-engine-1.11.4.jar:1.11.4]
	at org.junit.platform.engine.support.hierarchical.HierarchicalTestEngine.execute(HierarchicalTestEngine.java:54) ~[junit-platform-engine-1.11.4.jar:1.11.4]
	at org.junit.platform.launcher.core.EngineExecutionOrchestrator.execute(EngineExecutionOrchestrator.java:198) ~[junit-platform-launcher-1.11.4.jar:1.11.4]
	at org.junit.platform.launcher.core.EngineExecutionOrchestrator.execute(EngineExecutionOrchestrator.java:169) ~[junit-platform-launcher-1.11.4.jar:1.11.4]
	at org.junit.platform.launcher.core.EngineExecutionOrchestrator.execute(EngineExecutionOrchestrator.java:93) ~[junit-platform-launcher-1.11.4.jar:1.11.4]
	at org.junit.platform.launcher.core.EngineExecutionOrchestrator.lambda$execute$0(EngineExecutionOrchestrator.java:58) ~[junit-platform-launcher-1.11.4.jar:1.11.4]
	at org.junit.platform.launcher.core.EngineExecutionOrchestrator.withInterceptedStreams(EngineExecutionOrchestrator.java:141) ~[junit-platform-launcher-1.11.4.jar:1.11.4]
	at org.junit.platform.launcher.core.EngineExecutionOrchestrator.execute(EngineExecutionOrchestrator.java:57) ~[junit-platform-launcher-1.11.4.jar:1.11.4]
	at org.junit.platform.launcher.core.DefaultLauncher.execute(DefaultLauncher.java:103) ~[junit-platform-launcher-1.11.4.jar:1.11.4]
	at org.junit.platform.launcher.core.DefaultLauncher.execute(DefaultLauncher.java:85) ~[junit-platform-launcher-1.11.4.jar:1.11.4]
	at org.junit.platform.launcher.core.DelegatingLauncher.execute(DelegatingLauncher.java:47) ~[junit-platform-launcher-1.11.4.jar:1.11.4]
	at org.apache.maven.surefire.junitplatform.LazyLauncher.execute(LazyLauncher.java:56) ~[surefire-junit-platform-3.5.2.jar:3.5.2]
	at org.apache.maven.surefire.junitplatform.JUnitPlatformProvider.execute(JUnitPlatformProvider.java:184) ~[surefire-junit-platform-3.5.2.jar:3.5.2]
	at org.apache.maven.surefire.junitplatform.JUnitPlatformProvider.invokeAllTests(JUnitPlatformProvider.java:148) ~[surefire-junit-platform-3.5.2.jar:3.5.2]
	at org.apache.maven.surefire.junitplatform.JUnitPlatformProvider.invoke(JUnitPlatformProvider.java:122) ~[surefire-junit-platform-3.5.2.jar:3.5.2]
	at org.apache.maven.surefire.booter.ForkedBooter.runSuitesInProcess(ForkedBooter.java:385) ~[surefire-booter-3.5.2.jar:3.5.2]
	at org.apache.maven.surefire.booter.ForkedBooter.execute(ForkedBooter.java:162) ~[surefire-booter-3.5.2.jar:3.5.2]
	at org.apache.maven.surefire.booter.ForkedBooter.run(ForkedBooter.java:507) ~[surefire-booter-3.5.2.jar:3.5.2]
	at org.apache.maven.surefire.booter.ForkedBooter.main(ForkedBooter.java:495) ~[surefire-booter-3.5.2.jar:3.5.2]

2026-07-12T19:59:57.567-04:00  INFO 9948 --- [ms-carrito] [main] t.c.s.AnnotationConfigContextLoaderUtils : Could not detect default configuration classes for test class [com.example.ms_carrito.controller.CarritoControllerTest]: CarritoControllerTest does not declare any static, non-private, non-final, nested classes annotated with @Configuration.
2026-07-12T19:59:57.621-04:00  INFO 9948 --- [ms-carrito] [main] .b.t.c.SpringBootTestContextBootstrapper : Found @SpringBootConfiguration com.example.ms_carrito.MsCarritoApplication for test class com.example.ms_carrito.controller.CarritoControllerTest
2026-07-12T19:59:58.728-04:00  INFO 9948 --- [ms-carrito] [main] c.e.m.controller.CarritoControllerTest   : Starting CarritoControllerTest using Java 21.0.8 with PID 9948 (started by Usuario in C:\Users\Usuario\Desktop\Prueba_2_final-main_jacoco_completo\ms-carrito)
2026-07-12T19:59:58.732-04:00 DEBUG 9948 --- [ms-carrito] [main] c.e.m.controller.CarritoControllerTest   : Running with Spring Boot v3.4.4, Spring v6.2.5
2026-07-12T19:59:58.732-04:00  INFO 9948 --- [ms-carrito] [main] c.e.m.controller.CarritoControllerTest   : No active profile set, falling back to 1 default profile: "default"
2026-07-12T19:59:59.124-04:00  WARN 9948 --- [ms-carrito] [main] r$InitializeUserDetailsManagerConfigurer : Found 2 UserDetailsService beans, with names [inMemoryUserDetailsManager, com.example.ms_carrito.service.CustomUserDetailsService#0]. Global Authentication Manager will not use a UserDetailsService for username/password login. Consider publishing a single UserDetailsService bean.
2026-07-12T19:59:59.144-04:00  WARN 9948 --- [ms-carrito] [main] .s.s.UserDetailsServiceAutoConfiguration : 

Using generated security password: 0660a43a-977d-48c9-9b79-f77364ebf1a1

This generated password is for development use only. Your security configuration must be updated before running your application in production.

2026-07-12T19:59:59.152-04:00 DEBUG 9948 --- [ms-carrito] [main] c.e.m.security.filter.JwtAuthFilter      : Filter 'jwtAuthFilter' configured for use
2026-07-12T19:59:59.154-04:00  INFO 9948 --- [ms-carrito] [main] o.s.b.t.m.w.SpringBootMockServletContext : Initializing Spring TestDispatcherServlet ''
2026-07-12T19:59:59.154-04:00  INFO 9948 --- [ms-carrito] [main] o.s.t.web.servlet.TestDispatcherServlet  : Initializing Servlet ''
2026-07-12T19:59:59.155-04:00  INFO 9948 --- [ms-carrito] [main] o.s.t.web.servlet.TestDispatcherServlet  : Completed initialization in 1 ms
2026-07-12T19:59:59.166-04:00  INFO 9948 --- [ms-carrito] [main] c.e.m.controller.CarritoControllerTest   : Started CarritoControllerTest in 1.532 seconds (process running for 15.318)
2026-07-12T19:59:59.177-04:00 DEBUG 9948 --- [ms-carrito] [main] c.e.m.security.filter.JwtAuthFilter      : No se encontró token Bearer
2026-07-12T19:59:59.382-04:00  INFO 9948 --- [ms-carrito] [main] c.e.m.controller.CarritoController       : Agregando item al carrito del usuario: testuser, producto: 1
2026-07-12T19:59:59.781-04:00 DEBUG 9948 --- [ms-carrito] [main] c.e.m.security.filter.JwtAuthFilter      : No se encontró token Bearer
2026-07-12T19:59:59.783-04:00  INFO 9948 --- [ms-carrito] [main] c.e.m.controller.CarritoController       : Eliminando producto 1 del carrito de testuser
2026-07-12T19:59:59.794-04:00 DEBUG 9948 --- [ms-carrito] [main] c.e.m.security.filter.JwtAuthFilter      : No se encontró token Bearer
2026-07-12T19:59:59.802-04:00  INFO 9948 --- [ms-carrito] [main] c.e.m.controller.CarritoController       : Actualizando cantidad del producto 1 a 3 para usuario testuser
2026-07-12T19:59:59.822-04:00 DEBUG 9948 --- [ms-carrito] [main] c.e.m.security.filter.JwtAuthFilter      : No se encontró token Bearer
2026-07-12T19:59:59.822-04:00  INFO 9948 --- [ms-carrito] [main] c.e.m.controller.CarritoController       : Limpiando carrito del usuario: testuser
2026-07-12T19:59:59.838-04:00 DEBUG 9948 --- [ms-carrito] [main] c.e.m.security.filter.JwtAuthFilter      : No se encontró token Bearer
2026-07-12T19:59:59.838-04:00  INFO 9948 --- [ms-carrito] [main] c.e.m.controller.CarritoController       : Obteniendo carrito del usuario: testuser
2026-07-12T19:59:59.871-04:00  INFO 9948 --- [ms-carrito] [main] t.c.s.AnnotationConfigContextLoaderUtils : Could not detect default configuration classes for test class [com.example.ms_carrito.MsCarritoApplicationTests]: MsCarritoApplicationTests does not declare any static, non-private, non-final, nested classes annotated with @Configuration.
2026-07-12T19:59:59.893-04:00  INFO 9948 --- [ms-carrito] [main] .b.t.c.SpringBootTestContextBootstrapper : Found @SpringBootConfiguration com.example.ms_carrito.MsCarritoApplication for test class com.example.ms_carrito.MsCarritoApplicationTests
2026-07-12T20:00:00.993-04:00  INFO 9948 --- [ms-carrito] [main] c.e.m.MsCarritoApplicationTests          : Starting MsCarritoApplicationTests using Java 21.0.8 with PID 9948 (started by Usuario in C:\Users\Usuario\Desktop\Prueba_2_final-main_jacoco_completo\ms-carrito)
2026-07-12T20:00:00.993-04:00 DEBUG 9948 --- [ms-carrito] [main] c.e.m.MsCarritoApplicationTests          : Running with Spring Boot v3.4.4, Spring v6.2.5
2026-07-12T20:00:00.993-04:00  INFO 9948 --- [ms-carrito] [main] c.e.m.MsCarritoApplicationTests          : The following 1 profile is active: "test"
2026-07-12T20:00:01.675-04:00  INFO 9948 --- [ms-carrito] [main] .s.d.r.c.RepositoryConfigurationDelegate : Bootstrapping Spring Data JPA repositories in DEFAULT mode.
2026-07-12T20:00:01.742-04:00  INFO 9948 --- [ms-carrito] [main] .s.d.r.c.RepositoryConfigurationDelegate : Finished Spring Data repository scanning in 52 ms. Found 1 JPA repository interface.
2026-07-12T20:00:02.005-04:00  INFO 9948 --- [ms-carrito] [main] o.s.cloud.context.scope.GenericScope     : BeanFactory id=204ac420-8a9c-3231-8191-ed3a6efb4a20
2026-07-12T20:00:02.343-04:00  INFO 9948 --- [ms-carrito] [main] o.hibernate.jpa.internal.util.LogHelper  : HHH000204: Processing PersistenceUnitInfo [name: default]
2026-07-12T20:00:02.431-04:00  INFO 9948 --- [ms-carrito] [main] org.hibernate.Version                    : HHH000412: Hibernate ORM core version 6.6.11.Final
2026-07-12T20:00:02.484-04:00  INFO 9948 --- [ms-carrito] [main] o.h.c.internal.RegionFactoryInitiator    : HHH000026: Second-level cache disabled
2026-07-12T20:00:02.700-04:00  INFO 9948 --- [ms-carrito] [main] o.s.o.j.p.SpringPersistenceUnitInfo      : No LoadTimeWeaver setup: ignoring JPA class transformer
2026-07-12T20:00:02.746-04:00  INFO 9948 --- [ms-carrito] [main] com.zaxxer.hikari.HikariDataSource       : HikariPool-1 - Starting...
2026-07-12T20:00:03.141-04:00  INFO 9948 --- [ms-carrito] [main] com.zaxxer.hikari.pool.HikariPool        : HikariPool-1 - Added connection conn0: url=jdbc:h2:mem:testdb user=SA
2026-07-12T20:00:03.141-04:00  INFO 9948 --- [ms-carrito] [main] com.zaxxer.hikari.HikariDataSource       : HikariPool-1 - Start completed.
2026-07-12T20:00:03.268-04:00  INFO 9948 --- [ms-carrito] [main] org.hibernate.orm.connections.pooling    : HHH10001005: Database info:
	Database JDBC URL [Connecting through datasource 'HikariDataSource (HikariPool-1)']
	Database driver: undefined/unknown
	Database version: 2.3.232
	Autocommit mode: undefined/unknown
	Isolation level: undefined/unknown
	Minimum pool size: undefined/unknown
	Maximum pool size: undefined/unknown
2026-07-12T20:00:04.632-04:00  INFO 9948 --- [ms-carrito] [main] o.h.e.t.j.p.i.JtaPlatformInitiator       : HHH000489: No JTA platform available (set 'hibernate.transaction.jta.platform' to enable JTA platform integration)
2026-07-12T20:00:04.728-04:00  INFO 9948 --- [ms-carrito] [main] j.LocalContainerEntityManagerFactoryBean : Initialized JPA EntityManagerFactory for persistence unit 'default'
2026-07-12T20:00:05.458-04:00  WARN 9948 --- [ms-carrito] [main] JpaBaseConfiguration$JpaWebConfiguration : spring.jpa.open-in-view is enabled by default. Therefore, database queries may be performed during view rendering. Explicitly configure spring.jpa.open-in-view to disable this warning
2026-07-12T20:00:05.536-04:00  INFO 9948 --- [ms-carrito] [main] r$InitializeUserDetailsManagerConfigurer : Global AuthenticationManager configured with UserDetailsService bean with name customUserDetailsService
2026-07-12T20:00:07.100-04:00  INFO 9948 --- [ms-carrito] [main] o.s.cloud.commons.util.InetUtils         : Cannot determine local hostname
2026-07-12T20:00:07.108-04:00  INFO 9948 --- [ms-carrito] [main] DiscoveryClientOptionalArgsConfiguration : Eureka HTTP Client uses RestTemplate.
2026-07-12T20:00:07.153-04:00  WARN 9948 --- [ms-carrito] [main] iguration$LoadBalancerCaffeineWarnLogger : Spring Cloud LoadBalancer is currently working with the default cache. While this cache implementation is useful for development and tests, it's recommended to use Caffeine cache in production.You can switch to using Caffeine cache, by adding it and org.springframework.cache.caffeine.CaffeineCacheManager to the classpath.
2026-07-12T20:00:07.173-04:00  INFO 9948 --- [ms-carrito] [main] c.e.m.MsCarritoApplicationTests          : Started MsCarritoApplicationTests in 7.259 seconds (process running for 23.326)
2026-07-12T20:00:07.664-04:00  INFO 9948 --- [ms-carrito] [SpringApplicationShutdownHook] j.LocalContainerEntityManagerFactoryBean : Closing JPA EntityManagerFactory for persistence unit 'default'
2026-07-12T20:00:07.664-04:00  INFO 9948 --- [ms-carrito] [SpringApplicationShutdownHook] com.zaxxer.hikari.HikariDataSource       : HikariPool-1 - Shutdown initiated...
2026-07-12T20:00:07.671-04:00  INFO 9948 --- [ms-carrito] [SpringApplicationShutdownHook] com.zaxxer.hikari.HikariDataSource       : HikariPool-1 - Shutdown completed.
2026-07-12T20:03:22.039-04:00  INFO 21216 --- [ms-carrito] [main] c.e.m.c.CarritoAdminControllerTest       : Starting CarritoAdminControllerTest using Java 21.0.8 with PID 21216 (started by Usuario in C:\Users\Usuario\Desktop\Prueba_2_final-main_jacoco_completo\ms-carrito)
2026-07-12T20:03:22.039-04:00 DEBUG 21216 --- [ms-carrito] [main] c.e.m.c.CarritoAdminControllerTest       : Running with Spring Boot v3.4.4, Spring v6.2.5
2026-07-12T20:03:22.039-04:00  INFO 21216 --- [ms-carrito] [main] c.e.m.c.CarritoAdminControllerTest       : No active profile set, falling back to 1 default profile: "default"
2026-07-12T20:03:24.461-04:00  WARN 21216 --- [ms-carrito] [main] r$InitializeUserDetailsManagerConfigurer : Found 2 UserDetailsService beans, with names [inMemoryUserDetailsManager, com.example.ms_carrito.service.CustomUserDetailsService#0]. Global Authentication Manager will not use a UserDetailsService for username/password login. Consider publishing a single UserDetailsService bean.
2026-07-12T20:03:24.709-04:00  WARN 21216 --- [ms-carrito] [main] .s.s.UserDetailsServiceAutoConfiguration : 

Using generated security password: c63a5dfc-267d-411b-90a8-293569406b2c

This generated password is for development use only. Your security configuration must be updated before running your application in production.

2026-07-12T20:03:24.789-04:00 DEBUG 21216 --- [ms-carrito] [main] c.e.m.security.filter.JwtAuthFilter      : Filter 'jwtAuthFilter' configured for use
2026-07-12T20:03:24.795-04:00  INFO 21216 --- [ms-carrito] [main] o.s.b.t.m.w.SpringBootMockServletContext : Initializing Spring TestDispatcherServlet ''
2026-07-12T20:03:24.795-04:00  INFO 21216 --- [ms-carrito] [main] o.s.t.web.servlet.TestDispatcherServlet  : Initializing Servlet ''
2026-07-12T20:03:24.799-04:00  INFO 21216 --- [ms-carrito] [main] o.s.t.web.servlet.TestDispatcherServlet  : Completed initialization in 4 ms
2026-07-12T20:03:24.981-04:00  INFO 21216 --- [ms-carrito] [main] c.e.m.c.CarritoAdminControllerTest       : Started CarritoAdminControllerTest in 4.785 seconds (process running for 10.152)
2026-07-12T20:03:25.089-04:00 DEBUG 21216 --- [ms-carrito] [main] c.e.m.security.filter.JwtAuthFilter      : No se encontró token Bearer
2026-07-12T20:03:25.134-04:00  INFO 21216 --- [ms-carrito] [main] c.e.m.controller.CarritoAdminController  : ADMIN - Obteniendo carrito del usuario 10
2026-07-12T20:03:25.148-04:00 ERROR 21216 --- [ms-carrito] [main] c.e.m.exception.GlobalExceptionHandler   : Error en tiempo de ejecución: Cannot invoke "com.example.ms_carrito.model.Carrito.getCartId()" because "carrito" is null

java.lang.NullPointerException: Cannot invoke "com.example.ms_carrito.model.Carrito.getCartId()" because "carrito" is null
	at com.example.ms_carrito.controller.CarritoAdminController.mapToResponseDTO(CarritoAdminController.java:51) ~[classes/:na]
	at com.example.ms_carrito.controller.CarritoAdminController.getUserCart(CarritoAdminController.java:30) ~[classes/:na]
	at java.base/jdk.internal.reflect.DirectMethodHandleAccessor.invoke(DirectMethodHandleAccessor.java:103) ~[na:na]
	at java.base/java.lang.reflect.Method.invoke(Method.java:580) ~[na:na]
	at org.springframework.web.method.support.InvocableHandlerMethod.doInvoke(InvocableHandlerMethod.java:258) ~[spring-web-6.2.5.jar:6.2.5]
	at org.springframework.web.method.support.InvocableHandlerMethod.invokeForRequest(InvocableHandlerMethod.java:191) ~[spring-web-6.2.5.jar:6.2.5]
	at org.springframework.web.servlet.mvc.method.annotation.ServletInvocableHandlerMethod.invokeAndHandle(ServletInvocableHandlerMethod.java:118) ~[spring-webmvc-6.2.5.jar:6.2.5]
	at org.springframework.web.servlet.mvc.method.annotation.RequestMappingHandlerAdapter.invokeHandlerMethod(RequestMappingHandlerAdapter.java:986) ~[spring-webmvc-6.2.5.jar:6.2.5]
	at org.springframework.web.servlet.mvc.method.annotation.RequestMappingHandlerAdapter.handleInternal(RequestMappingHandlerAdapter.java:891) ~[spring-webmvc-6.2.5.jar:6.2.5]
	at org.springframework.web.servlet.mvc.method.AbstractHandlerMethodAdapter.handle(AbstractHandlerMethodAdapter.java:87) ~[spring-webmvc-6.2.5.jar:6.2.5]
	at org.springframework.web.servlet.DispatcherServlet.doDispatch(DispatcherServlet.java:1089) ~[spring-webmvc-6.2.5.jar:6.2.5]
	at org.springframework.web.servlet.DispatcherServlet.doService(DispatcherServlet.java:979) ~[spring-webmvc-6.2.5.jar:6.2.5]
	at org.springframework.web.servlet.FrameworkServlet.processRequest(FrameworkServlet.java:1014) ~[spring-webmvc-6.2.5.jar:6.2.5]
	at org.springframework.web.servlet.FrameworkServlet.doGet(FrameworkServlet.java:903) ~[spring-webmvc-6.2.5.jar:6.2.5]
	at jakarta.servlet.http.HttpServlet.service(HttpServlet.java:564) ~[tomcat-embed-core-10.1.39.jar:6.0]
	at org.springframework.web.servlet.FrameworkServlet.service(FrameworkServlet.java:885) ~[spring-webmvc-6.2.5.jar:6.2.5]
	at org.springframework.test.web.servlet.TestDispatcherServlet.service(TestDispatcherServlet.java:72) ~[spring-test-6.2.5.jar:6.2.5]
	at jakarta.servlet.http.HttpServlet.service(HttpServlet.java:658) ~[tomcat-embed-core-10.1.39.jar:6.0]
	at org.springframework.mock.web.MockFilterChain$ServletFilterProxy.doFilter(MockFilterChain.java:165) ~[spring-test-6.2.5.jar:6.2.5]
	at org.springframework.mock.web.MockFilterChain.doFilter(MockFilterChain.java:132) ~[spring-test-6.2.5.jar:6.2.5]
	at com.example.ms_carrito.security.filter.JwtAuthFilter.doFilterInternal(JwtAuthFilter.java:40) ~[classes/:na]
	at org.springframework.web.filter.OncePerRequestFilter.doFilter(OncePerRequestFilter.java:116) ~[spring-web-6.2.5.jar:6.2.5]
	at org.springframework.test.web.servlet.setup.MockMvcFilterDecorator.doFilter(MockMvcFilterDecorator.java:162) ~[spring-test-6.2.5.jar:6.2.5]
	at org.springframework.mock.web.MockFilterChain.doFilter(MockFilterChain.java:132) ~[spring-test-6.2.5.jar:6.2.5]
	at org.springframework.web.filter.CompositeFilter$VirtualFilterChain.doFilter(CompositeFilter.java:108) ~[spring-web-6.2.5.jar:6.2.5]
	at org.springframework.security.web.FilterChainProxy.lambda$doFilterInternal$3(FilterChainProxy.java:231) ~[spring-security-web-6.4.4.jar:6.4.4]
	at org.springframework.security.web.FilterChainProxy$VirtualFilterChain.doFilter(FilterChainProxy.java:365) ~[spring-security-web-6.4.4.jar:6.4.4]
	at org.springframework.security.web.access.intercept.AuthorizationFilter.doFilter(AuthorizationFilter.java:101) ~[spring-security-web-6.4.4.jar:6.4.4]
	at org.springframework.security.web.FilterChainProxy$VirtualFilterChain.doFilter(FilterChainProxy.java:374) ~[spring-security-web-6.4.4.jar:6.4.4]
	at org.springframework.security.web.access.ExceptionTranslationFilter.doFilter(ExceptionTranslationFilter.java:126) ~[spring-security-web-6.4.4.jar:6.4.4]
	at org.springframework.security.web.access.ExceptionTranslationFilter.doFilter(ExceptionTranslationFilter.java:120) ~[spring-security-web-6.4.4.jar:6.4.4]
	at org.springframework.security.web.FilterChainProxy$VirtualFilterChain.doFilter(FilterChainProxy.java:374) ~[spring-security-web-6.4.4.jar:6.4.4]
	at org.springframework.security.web.authentication.AnonymousAuthenticationFilter.doFilter(AnonymousAuthenticationFilter.java:100) ~[spring-security-web-6.4.4.jar:6.4.4]
	at org.springframework.security.web.FilterChainProxy$VirtualFilterChain.doFilter(FilterChainProxy.java:374) ~[spring-security-web-6.4.4.jar:6.4.4]
	at org.springframework.security.web.servletapi.SecurityContextHolderAwareRequestFilter.doFilter(SecurityContextHolderAwareRequestFilter.java:179) ~[spring-security-web-6.4.4.jar:6.4.4]
	at org.springframework.security.web.FilterChainProxy$VirtualFilterChain.doFilter(FilterChainProxy.java:374) ~[spring-security-web-6.4.4.jar:6.4.4]
	at org.springframework.security.web.savedrequest.RequestCacheAwareFilter.doFilter(RequestCacheAwareFilter.java:63) ~[spring-security-web-6.4.4.jar:6.4.4]
	at org.springframework.security.web.FilterChainProxy$VirtualFilterChain.doFilter(FilterChainProxy.java:374) ~[spring-security-web-6.4.4.jar:6.4.4]
	at org.springframework.security.web.authentication.www.BasicAuthenticationFilter.doFilterInternal(BasicAuthenticationFilter.java:181) ~[spring-security-web-6.4.4.jar:6.4.4]
	at org.springframework.web.filter.OncePerRequestFilter.doFilter(OncePerRequestFilter.java:116) ~[spring-web-6.2.5.jar:6.2.5]
	at org.springframework.security.web.FilterChainProxy$VirtualFilterChain.doFilter(FilterChainProxy.java:374) ~[spring-security-web-6.4.4.jar:6.4.4]
	at org.springframework.security.web.authentication.ui.DefaultLogoutPageGeneratingFilter.doFilterInternal(DefaultLogoutPageGeneratingFilter.java:58) ~[spring-security-web-6.4.4.jar:6.4.4]
	at org.springframework.web.filter.OncePerRequestFilter.doFilter(OncePerRequestFilter.java:116) ~[spring-web-6.2.5.jar:6.2.5]
	at org.springframework.security.web.FilterChainProxy$VirtualFilterChain.doFilter(FilterChainProxy.java:374) ~[spring-security-web-6.4.4.jar:6.4.4]
	at org.springframework.security.web.authentication.ui.DefaultLoginPageGeneratingFilter.doFilter(DefaultLoginPageGeneratingFilter.java:220) ~[spring-security-web-6.4.4.jar:6.4.4]
	at org.springframework.security.web.authentication.ui.DefaultLoginPageGeneratingFilter.doFilter(DefaultLoginPageGeneratingFilter.java:206) ~[spring-security-web-6.4.4.jar:6.4.4]
	at org.springframework.security.web.FilterChainProxy$VirtualFilterChain.doFilter(FilterChainProxy.java:374) ~[spring-security-web-6.4.4.jar:6.4.4]
	at org.springframework.security.web.authentication.ui.DefaultResourcesFilter.doFilter(DefaultResourcesFilter.java:72) ~[spring-security-web-6.4.4.jar:6.4.4]
	at org.springframework.security.web.FilterChainProxy$VirtualFilterChain.doFilter(FilterChainProxy.java:374) ~[spring-security-web-6.4.4.jar:6.4.4]
	at org.springframework.security.web.authentication.AbstractAuthenticationProcessingFilter.doFilter(AbstractAuthenticationProcessingFilter.java:227) ~[spring-security-web-6.4.4.jar:6.4.4]
	at org.springframework.security.web.authentication.AbstractAuthenticationProcessingFilter.doFilter(AbstractAuthenticationProcessingFilter.java:221) ~[spring-security-web-6.4.4.jar:6.4.4]
	at org.springframework.security.web.FilterChainProxy$VirtualFilterChain.doFilter(FilterChainProxy.java:374) ~[spring-security-web-6.4.4.jar:6.4.4]
	at org.springframework.security.web.authentication.logout.LogoutFilter.doFilter(LogoutFilter.java:107) ~[spring-security-web-6.4.4.jar:6.4.4]
	at org.springframework.security.web.authentication.logout.LogoutFilter.doFilter(LogoutFilter.java:93) ~[spring-security-web-6.4.4.jar:6.4.4]
	at org.springframework.security.web.FilterChainProxy$VirtualFilterChain.doFilter(FilterChainProxy.java:374) ~[spring-security-web-6.4.4.jar:6.4.4]
	at org.springframework.security.web.csrf.CsrfFilter.doFilterInternal(CsrfFilter.java:117) ~[spring-security-web-6.4.4.jar:6.4.4]
	at org.springframework.web.filter.OncePerRequestFilter.doFilter(OncePerRequestFilter.java:116) ~[spring-web-6.2.5.jar:6.2.5]
	at org.springframework.security.web.FilterChainProxy$VirtualFilterChain.doFilter(FilterChainProxy.java:374) ~[spring-security-web-6.4.4.jar:6.4.4]
	at org.springframework.security.web.header.HeaderWriterFilter.doHeadersAfter(HeaderWriterFilter.java:90) ~[spring-security-web-6.4.4.jar:6.4.4]
	at org.springframework.security.web.header.HeaderWriterFilter.doFilterInternal(HeaderWriterFilter.java:75) ~[spring-security-web-6.4.4.jar:6.4.4]
	at org.springframework.web.filter.OncePerRequestFilter.doFilter(OncePerRequestFilter.java:116) ~[spring-web-6.2.5.jar:6.2.5]
	at org.springframework.security.web.FilterChainProxy$VirtualFilterChain.doFilter(FilterChainProxy.java:374) ~[spring-security-web-6.4.4.jar:6.4.4]
	at org.springframework.security.web.context.SecurityContextHolderFilter.doFilter(SecurityContextHolderFilter.java:82) ~[spring-security-web-6.4.4.jar:6.4.4]
	at org.springframework.security.web.context.SecurityContextHolderFilter.doFilter(SecurityContextHolderFilter.java:69) ~[spring-security-web-6.4.4.jar:6.4.4]
	at org.springframework.security.web.FilterChainProxy$VirtualFilterChain.doFilter(FilterChainProxy.java:374) ~[spring-security-web-6.4.4.jar:6.4.4]
	at org.springframework.security.web.context.request.async.WebAsyncManagerIntegrationFilter.doFilterInternal(WebAsyncManagerIntegrationFilter.java:62) ~[spring-security-web-6.4.4.jar:6.4.4]
	at org.springframework.web.filter.OncePerRequestFilter.doFilter(OncePerRequestFilter.java:116) ~[spring-web-6.2.5.jar:6.2.5]
	at org.springframework.security.web.FilterChainProxy$VirtualFilterChain.doFilter(FilterChainProxy.java:374) ~[spring-security-web-6.4.4.jar:6.4.4]
	at org.springframework.security.web.session.DisableEncodeUrlFilter.doFilterInternal(DisableEncodeUrlFilter.java:42) ~[spring-security-web-6.4.4.jar:6.4.4]
	at org.springframework.web.filter.OncePerRequestFilter.doFilter(OncePerRequestFilter.java:116) ~[spring-web-6.2.5.jar:6.2.5]
	at org.springframework.security.web.FilterChainProxy$VirtualFilterChain.doFilter(FilterChainProxy.java:374) ~[spring-security-web-6.4.4.jar:6.4.4]
	at org.springframework.security.web.FilterChainProxy.doFilterInternal(FilterChainProxy.java:233) ~[spring-security-web-6.4.4.jar:6.4.4]
	at org.springframework.security.web.FilterChainProxy.doFilter(FilterChainProxy.java:191) ~[spring-security-web-6.4.4.jar:6.4.4]
	at org.springframework.web.filter.CompositeFilter$VirtualFilterChain.doFilter(CompositeFilter.java:113) ~[spring-web-6.2.5.jar:6.2.5]
	at org.springframework.web.servlet.handler.HandlerMappingIntrospector.lambda$createCacheFilter$3(HandlerMappingIntrospector.java:243) ~[spring-webmvc-6.2.5.jar:6.2.5]
	at org.springframework.web.filter.CompositeFilter$VirtualFilterChain.doFilter(CompositeFilter.java:113) ~[spring-web-6.2.5.jar:6.2.5]
	at org.springframework.web.filter.CompositeFilter.doFilter(CompositeFilter.java:74) ~[spring-web-6.2.5.jar:6.2.5]
	at org.springframework.security.config.annotation.web.configuration.WebMvcSecurityConfiguration$CompositeFilterChainProxy.doFilter(WebMvcSecurityConfiguration.java:238) ~[spring-security-config-6.4.4.jar:6.4.4]
	at org.springframework.web.filter.DelegatingFilterProxy.invokeDelegate(DelegatingFilterProxy.java:362) ~[spring-web-6.2.5.jar:6.2.5]
	at org.springframework.web.filter.DelegatingFilterProxy.doFilter(DelegatingFilterProxy.java:278) ~[spring-web-6.2.5.jar:6.2.5]
	at org.springframework.test.web.servlet.setup.MockMvcFilterDecorator.doFilter(MockMvcFilterDecorator.java:162) ~[spring-test-6.2.5.jar:6.2.5]
	at org.springframework.mock.web.MockFilterChain.doFilter(MockFilterChain.java:132) ~[spring-test-6.2.5.jar:6.2.5]
	at org.springframework.web.filter.RequestContextFilter.doFilterInternal(RequestContextFilter.java:100) ~[spring-web-6.2.5.jar:6.2.5]
	at org.springframework.web.filter.OncePerRequestFilter.doFilter(OncePerRequestFilter.java:116) ~[spring-web-6.2.5.jar:6.2.5]
	at org.springframework.test.web.servlet.setup.MockMvcFilterDecorator.doFilter(MockMvcFilterDecorator.java:162) ~[spring-test-6.2.5.jar:6.2.5]
	at org.springframework.mock.web.MockFilterChain.doFilter(MockFilterChain.java:132) ~[spring-test-6.2.5.jar:6.2.5]
	at org.springframework.web.filter.FormContentFilter.doFilterInternal(FormContentFilter.java:93) ~[spring-web-6.2.5.jar:6.2.5]
	at org.springframework.web.filter.OncePerRequestFilter.doFilter(OncePerRequestFilter.java:116) ~[spring-web-6.2.5.jar:6.2.5]
	at org.springframework.test.web.servlet.setup.MockMvcFilterDecorator.doFilter(MockMvcFilterDecorator.java:162) ~[spring-test-6.2.5.jar:6.2.5]
	at org.springframework.mock.web.MockFilterChain.doFilter(MockFilterChain.java:132) ~[spring-test-6.2.5.jar:6.2.5]
	at org.springframework.web.filter.CharacterEncodingFilter.doFilterInternal(CharacterEncodingFilter.java:201) ~[spring-web-6.2.5.jar:6.2.5]
	at org.springframework.web.filter.OncePerRequestFilter.doFilter(OncePerRequestFilter.java:116) ~[spring-web-6.2.5.jar:6.2.5]
	at org.springframework.test.web.servlet.setup.MockMvcFilterDecorator.doFilter(MockMvcFilterDecorator.java:162) ~[spring-test-6.2.5.jar:6.2.5]
	at org.springframework.mock.web.MockFilterChain.doFilter(MockFilterChain.java:132) ~[spring-test-6.2.5.jar:6.2.5]
	at org.springframework.test.web.servlet.MockMvc.perform(MockMvc.java:201) ~[spring-test-6.2.5.jar:6.2.5]
	at com.example.ms_carrito.controller.CarritoAdminControllerTest.deberiaRechazarAccesoDeUsuarioSinRolAdmin(CarritoAdminControllerTest.java:76) ~[test-classes/:na]
	at java.base/jdk.internal.reflect.DirectMethodHandleAccessor.invoke(DirectMethodHandleAccessor.java:103) ~[na:na]
	at java.base/java.lang.reflect.Method.invoke(Method.java:580) ~[na:na]
	at org.junit.platform.commons.util.ReflectionUtils.invokeMethod(ReflectionUtils.java:767) ~[junit-platform-commons-1.11.4.jar:1.11.4]
	at org.junit.jupiter.engine.execution.MethodInvocation.proceed(MethodInvocation.java:60) ~[junit-jupiter-engine-5.11.4.jar:5.11.4]
	at org.junit.jupiter.engine.execution.InvocationInterceptorChain$ValidatingInvocation.proceed(InvocationInterceptorChain.java:131) ~[junit-jupiter-engine-5.11.4.jar:5.11.4]
	at org.junit.jupiter.engine.extension.TimeoutExtension.intercept(TimeoutExtension.java:156) ~[junit-jupiter-engine-5.11.4.jar:5.11.4]
	at org.junit.jupiter.engine.extension.TimeoutExtension.interceptTestableMethod(TimeoutExtension.java:147) ~[junit-jupiter-engine-5.11.4.jar:5.11.4]
	at org.junit.jupiter.engine.extension.TimeoutExtension.interceptTestMethod(TimeoutExtension.java:86) ~[junit-jupiter-engine-5.11.4.jar:5.11.4]
	at org.junit.jupiter.engine.execution.InterceptingExecutableInvoker$ReflectiveInterceptorCall.lambda$ofVoidMethod$0(InterceptingExecutableInvoker.java:103) ~[junit-jupiter-engine-5.11.4.jar:5.11.4]
	at org.junit.jupiter.engine.execution.InterceptingExecutableInvoker.lambda$invoke$0(InterceptingExecutableInvoker.java:93) ~[junit-jupiter-engine-5.11.4.jar:5.11.4]
	at org.junit.jupiter.engine.execution.InvocationInterceptorChain$InterceptedInvocation.proceed(InvocationInterceptorChain.java:106) ~[junit-jupiter-engine-5.11.4.jar:5.11.4]
	at org.junit.jupiter.engine.execution.InvocationInterceptorChain.proceed(InvocationInterceptorChain.java:64) ~[junit-jupiter-engine-5.11.4.jar:5.11.4]
	at org.junit.jupiter.engine.execution.InvocationInterceptorChain.chainAndInvoke(InvocationInterceptorChain.java:45) ~[junit-jupiter-engine-5.11.4.jar:5.11.4]
	at org.junit.jupiter.engine.execution.InvocationInterceptorChain.invoke(InvocationInterceptorChain.java:37) ~[junit-jupiter-engine-5.11.4.jar:5.11.4]
	at org.junit.jupiter.engine.execution.InterceptingExecutableInvoker.invoke(InterceptingExecutableInvoker.java:92) ~[junit-jupiter-engine-5.11.4.jar:5.11.4]
	at org.junit.jupiter.engine.execution.InterceptingExecutableInvoker.invoke(InterceptingExecutableInvoker.java:86) ~[junit-jupiter-engine-5.11.4.jar:5.11.4]
	at org.junit.jupiter.engine.descriptor.TestMethodTestDescriptor.lambda$invokeTestMethod$8(TestMethodTestDescriptor.java:217) ~[junit-jupiter-engine-5.11.4.jar:5.11.4]
	at org.junit.platform.engine.support.hierarchical.ThrowableCollector.execute(ThrowableCollector.java:73) ~[junit-platform-engine-1.11.4.jar:1.11.4]
	at org.junit.jupiter.engine.descriptor.TestMethodTestDescriptor.invokeTestMethod(TestMethodTestDescriptor.java:213) ~[junit-jupiter-engine-5.11.4.jar:5.11.4]
	at org.junit.jupiter.engine.descriptor.TestMethodTestDescriptor.execute(TestMethodTestDescriptor.java:138) ~[junit-jupiter-engine-5.11.4.jar:5.11.4]
	at org.junit.jupiter.engine.descriptor.TestMethodTestDescriptor.execute(TestMethodTestDescriptor.java:68) ~[junit-jupiter-engine-5.11.4.jar:5.11.4]
	at org.junit.platform.engine.support.hierarchical.NodeTestTask.lambda$executeRecursively$6(NodeTestTask.java:156) ~[junit-platform-engine-1.11.4.jar:1.11.4]
	at org.junit.platform.engine.support.hierarchical.ThrowableCollector.execute(ThrowableCollector.java:73) ~[junit-platform-engine-1.11.4.jar:1.11.4]
	at org.junit.platform.engine.support.hierarchical.NodeTestTask.lambda$executeRecursively$8(NodeTestTask.java:146) ~[junit-platform-engine-1.11.4.jar:1.11.4]
	at org.junit.platform.engine.support.hierarchical.Node.around(Node.java:137) ~[junit-platform-engine-1.11.4.jar:1.11.4]
	at org.junit.platform.engine.support.hierarchical.NodeTestTask.lambda$executeRecursively$9(NodeTestTask.java:144) ~[junit-platform-engine-1.11.4.jar:1.11.4]
	at org.junit.platform.engine.support.hierarchical.ThrowableCollector.execute(ThrowableCollector.java:73) ~[junit-platform-engine-1.11.4.jar:1.11.4]
	at org.junit.platform.engine.support.hierarchical.NodeTestTask.executeRecursively(NodeTestTask.java:143) ~[junit-platform-engine-1.11.4.jar:1.11.4]
	at org.junit.platform.engine.support.hierarchical.NodeTestTask.execute(NodeTestTask.java:100) ~[junit-platform-engine-1.11.4.jar:1.11.4]
	at java.base/java.util.ArrayList.forEach(ArrayList.java:1596) ~[na:na]
	at org.junit.platform.engine.support.hierarchical.SameThreadHierarchicalTestExecutorService.invokeAll(SameThreadHierarchicalTestExecutorService.java:41) ~[junit-platform-engine-1.11.4.jar:1.11.4]
	at org.junit.platform.engine.support.hierarchical.NodeTestTask.lambda$executeRecursively$6(NodeTestTask.java:160) ~[junit-platform-engine-1.11.4.jar:1.11.4]
	at org.junit.platform.engine.support.hierarchical.ThrowableCollector.execute(ThrowableCollector.java:73) ~[junit-platform-engine-1.11.4.jar:1.11.4]
	at org.junit.platform.engine.support.hierarchical.NodeTestTask.lambda$executeRecursively$8(NodeTestTask.java:146) ~[junit-platform-engine-1.11.4.jar:1.11.4]
	at org.junit.platform.engine.support.hierarchical.Node.around(Node.java:137) ~[junit-platform-engine-1.11.4.jar:1.11.4]
	at org.junit.platform.engine.support.hierarchical.NodeTestTask.lambda$executeRecursively$9(NodeTestTask.java:144) ~[junit-platform-engine-1.11.4.jar:1.11.4]
	at org.junit.platform.engine.support.hierarchical.ThrowableCollector.execute(ThrowableCollector.java:73) ~[junit-platform-engine-1.11.4.jar:1.11.4]
	at org.junit.platform.engine.support.hierarchical.NodeTestTask.executeRecursively(NodeTestTask.java:143) ~[junit-platform-engine-1.11.4.jar:1.11.4]
	at org.junit.platform.engine.support.hierarchical.NodeTestTask.execute(NodeTestTask.java:100) ~[junit-platform-engine-1.11.4.jar:1.11.4]
	at java.base/java.util.ArrayList.forEach(ArrayList.java:1596) ~[na:na]
	at org.junit.platform.engine.support.hierarchical.SameThreadHierarchicalTestExecutorService.invokeAll(SameThreadHierarchicalTestExecutorService.java:41) ~[junit-platform-engine-1.11.4.jar:1.11.4]
	at org.junit.platform.engine.support.hierarchical.NodeTestTask.lambda$executeRecursively$6(NodeTestTask.java:160) ~[junit-platform-engine-1.11.4.jar:1.11.4]
	at org.junit.platform.engine.support.hierarchical.ThrowableCollector.execute(ThrowableCollector.java:73) ~[junit-platform-engine-1.11.4.jar:1.11.4]
	at org.junit.platform.engine.support.hierarchical.NodeTestTask.lambda$executeRecursively$8(NodeTestTask.java:146) ~[junit-platform-engine-1.11.4.jar:1.11.4]
	at org.junit.platform.engine.support.hierarchical.Node.around(Node.java:137) ~[junit-platform-engine-1.11.4.jar:1.11.4]
	at org.junit.platform.engine.support.hierarchical.NodeTestTask.lambda$executeRecursively$9(NodeTestTask.java:144) ~[junit-platform-engine-1.11.4.jar:1.11.4]
	at org.junit.platform.engine.support.hierarchical.ThrowableCollector.execute(ThrowableCollector.java:73) ~[junit-platform-engine-1.11.4.jar:1.11.4]
	at org.junit.platform.engine.support.hierarchical.NodeTestTask.executeRecursively(NodeTestTask.java:143) ~[junit-platform-engine-1.11.4.jar:1.11.4]
	at org.junit.platform.engine.support.hierarchical.NodeTestTask.execute(NodeTestTask.java:100) ~[junit-platform-engine-1.11.4.jar:1.11.4]
	at org.junit.platform.engine.support.hierarchical.SameThreadHierarchicalTestExecutorService.submit(SameThreadHierarchicalTestExecutorService.java:35) ~[junit-platform-engine-1.11.4.jar:1.11.4]
	at org.junit.platform.engine.support.hierarchical.HierarchicalTestExecutor.execute(HierarchicalTestExecutor.java:57) ~[junit-platform-engine-1.11.4.jar:1.11.4]
	at org.junit.platform.engine.support.hierarchical.HierarchicalTestEngine.execute(HierarchicalTestEngine.java:54) ~[junit-platform-engine-1.11.4.jar:1.11.4]
	at org.junit.platform.launcher.core.EngineExecutionOrchestrator.execute(EngineExecutionOrchestrator.java:198) ~[junit-platform-launcher-1.11.4.jar:1.11.4]
	at org.junit.platform.launcher.core.EngineExecutionOrchestrator.execute(EngineExecutionOrchestrator.java:169) ~[junit-platform-launcher-1.11.4.jar:1.11.4]
	at org.junit.platform.launcher.core.EngineExecutionOrchestrator.execute(EngineExecutionOrchestrator.java:93) ~[junit-platform-launcher-1.11.4.jar:1.11.4]
	at org.junit.platform.launcher.core.EngineExecutionOrchestrator.lambda$execute$0(EngineExecutionOrchestrator.java:58) ~[junit-platform-launcher-1.11.4.jar:1.11.4]
	at org.junit.platform.launcher.core.EngineExecutionOrchestrator.withInterceptedStreams(EngineExecutionOrchestrator.java:141) ~[junit-platform-launcher-1.11.4.jar:1.11.4]
	at org.junit.platform.launcher.core.EngineExecutionOrchestrator.execute(EngineExecutionOrchestrator.java:57) ~[junit-platform-launcher-1.11.4.jar:1.11.4]
	at org.junit.platform.launcher.core.DefaultLauncher.execute(DefaultLauncher.java:103) ~[junit-platform-launcher-1.11.4.jar:1.11.4]
	at org.junit.platform.launcher.core.DefaultLauncher.execute(DefaultLauncher.java:85) ~[junit-platform-launcher-1.11.4.jar:1.11.4]
	at org.junit.platform.launcher.core.DelegatingLauncher.execute(DelegatingLauncher.java:47) ~[junit-platform-launcher-1.11.4.jar:1.11.4]
	at org.apache.maven.surefire.junitplatform.LazyLauncher.execute(LazyLauncher.java:56) ~[surefire-junit-platform-3.5.2.jar:3.5.2]
	at org.apache.maven.surefire.junitplatform.JUnitPlatformProvider.execute(JUnitPlatformProvider.java:184) ~[surefire-junit-platform-3.5.2.jar:3.5.2]
	at org.apache.maven.surefire.junitplatform.JUnitPlatformProvider.invokeAllTests(JUnitPlatformProvider.java:148) ~[surefire-junit-platform-3.5.2.jar:3.5.2]
	at org.apache.maven.surefire.junitplatform.JUnitPlatformProvider.invoke(JUnitPlatformProvider.java:122) ~[surefire-junit-platform-3.5.2.jar:3.5.2]
	at org.apache.maven.surefire.booter.ForkedBooter.runSuitesInProcess(ForkedBooter.java:385) ~[surefire-booter-3.5.2.jar:3.5.2]
	at org.apache.maven.surefire.booter.ForkedBooter.execute(ForkedBooter.java:162) ~[surefire-booter-3.5.2.jar:3.5.2]
	at org.apache.maven.surefire.booter.ForkedBooter.run(ForkedBooter.java:507) ~[surefire-booter-3.5.2.jar:3.5.2]
	at org.apache.maven.surefire.booter.ForkedBooter.main(ForkedBooter.java:495) ~[surefire-booter-3.5.2.jar:3.5.2]

2026-07-12T20:03:25.286-04:00 DEBUG 21216 --- [ms-carrito] [main] c.e.m.security.filter.JwtAuthFilter      : No se encontró token Bearer
2026-07-12T20:03:25.287-04:00 DEBUG 21216 --- [ms-carrito] [main] c.e.m.controller.CarritoAdminController  : ADMIN - Verificando existencia de carrito para usuario: 10
2026-07-12T20:03:25.387-04:00 DEBUG 21216 --- [ms-carrito] [main] c.e.m.security.filter.JwtAuthFilter      : No se encontró token Bearer
2026-07-12T20:03:25.387-04:00  INFO 21216 --- [ms-carrito] [main] c.e.m.controller.CarritoAdminController  : ADMIN - Obteniendo carrito del usuario 10
2026-07-12T20:03:25.439-04:00 DEBUG 21216 --- [ms-carrito] [main] c.e.m.security.filter.JwtAuthFilter      : No se encontró token Bearer
2026-07-12T20:03:25.445-04:00  INFO 21216 --- [ms-carrito] [main] c.e.m.controller.CarritoAdminController  : ADMIN - Limpiando carrito del usuario 10
2026-07-12T20:03:25.471-04:00  INFO 21216 --- [ms-carrito] [main] t.c.s.AnnotationConfigContextLoaderUtils : Could not detect default configuration classes for test class [com.example.ms_carrito.controller.CarritoControllerTest]: CarritoControllerTest does not declare any static, non-private, non-final, nested classes annotated with @Configuration.
2026-07-12T20:03:25.496-04:00  INFO 21216 --- [ms-carrito] [main] .b.t.c.SpringBootTestContextBootstrapper : Found @SpringBootConfiguration com.example.ms_carrito.MsCarritoApplication for test class com.example.ms_carrito.controller.CarritoControllerTest
2026-07-12T20:03:26.629-04:00  INFO 21216 --- [ms-carrito] [main] c.e.m.controller.CarritoControllerTest   : Starting CarritoControllerTest using Java 21.0.8 with PID 21216 (started by Usuario in C:\Users\Usuario\Desktop\Prueba_2_final-main_jacoco_completo\ms-carrito)
2026-07-12T20:03:26.629-04:00 DEBUG 21216 --- [ms-carrito] [main] c.e.m.controller.CarritoControllerTest   : Running with Spring Boot v3.4.4, Spring v6.2.5
2026-07-12T20:03:26.629-04:00  INFO 21216 --- [ms-carrito] [main] c.e.m.controller.CarritoControllerTest   : No active profile set, falling back to 1 default profile: "default"
2026-07-12T20:03:26.971-04:00  WARN 21216 --- [ms-carrito] [main] r$InitializeUserDetailsManagerConfigurer : Found 2 UserDetailsService beans, with names [inMemoryUserDetailsManager, com.example.ms_carrito.service.CustomUserDetailsService#0]. Global Authentication Manager will not use a UserDetailsService for username/password login. Consider publishing a single UserDetailsService bean.
2026-07-12T20:03:26.989-04:00  WARN 21216 --- [ms-carrito] [main] .s.s.UserDetailsServiceAutoConfiguration : 

Using generated security password: d71d440e-2bb7-48fb-babe-a097bbec7f34

This generated password is for development use only. Your security configuration must be updated before running your application in production.

2026-07-12T20:03:26.999-04:00 DEBUG 21216 --- [ms-carrito] [main] c.e.m.security.filter.JwtAuthFilter      : Filter 'jwtAuthFilter' configured for use
2026-07-12T20:03:26.999-04:00  INFO 21216 --- [ms-carrito] [main] o.s.b.t.m.w.SpringBootMockServletContext : Initializing Spring TestDispatcherServlet ''
2026-07-12T20:03:26.999-04:00  INFO 21216 --- [ms-carrito] [main] o.s.t.web.servlet.TestDispatcherServlet  : Initializing Servlet ''
2026-07-12T20:03:27.001-04:00  INFO 21216 --- [ms-carrito] [main] o.s.t.web.servlet.TestDispatcherServlet  : Completed initialization in 0 ms
2026-07-12T20:03:27.012-04:00  INFO 21216 --- [ms-carrito] [main] c.e.m.controller.CarritoControllerTest   : Started CarritoControllerTest in 1.51 seconds (process running for 12.182)
2026-07-12T20:03:27.023-04:00 DEBUG 21216 --- [ms-carrito] [main] c.e.m.security.filter.JwtAuthFilter      : No se encontró token Bearer
2026-07-12T20:03:27.172-04:00  INFO 21216 --- [ms-carrito] [main] c.e.m.controller.CarritoController       : Agregando item al carrito del usuario: testuser, producto: 1
2026-07-12T20:03:27.459-04:00 DEBUG 21216 --- [ms-carrito] [main] c.e.m.security.filter.JwtAuthFilter      : No se encontró token Bearer
2026-07-12T20:03:27.459-04:00  INFO 21216 --- [ms-carrito] [main] c.e.m.controller.CarritoController       : Eliminando producto 1 del carrito de testuser
2026-07-12T20:03:27.475-04:00 DEBUG 21216 --- [ms-carrito] [main] c.e.m.security.filter.JwtAuthFilter      : No se encontró token Bearer
2026-07-12T20:03:27.479-04:00  INFO 21216 --- [ms-carrito] [main] c.e.m.controller.CarritoController       : Actualizando cantidad del producto 1 a 3 para usuario testuser
2026-07-12T20:03:27.496-04:00 DEBUG 21216 --- [ms-carrito] [main] c.e.m.security.filter.JwtAuthFilter      : No se encontró token Bearer
2026-07-12T20:03:27.496-04:00  INFO 21216 --- [ms-carrito] [main] c.e.m.controller.CarritoController       : Limpiando carrito del usuario: testuser
2026-07-12T20:03:27.507-04:00 DEBUG 21216 --- [ms-carrito] [main] c.e.m.security.filter.JwtAuthFilter      : No se encontró token Bearer
2026-07-12T20:03:27.509-04:00  INFO 21216 --- [ms-carrito] [main] c.e.m.controller.CarritoController       : Obteniendo carrito del usuario: testuser
2026-07-12T20:03:27.531-04:00  INFO 21216 --- [ms-carrito] [main] t.c.s.AnnotationConfigContextLoaderUtils : Could not detect default configuration classes for test class [com.example.ms_carrito.MsCarritoApplicationTests]: MsCarritoApplicationTests does not declare any static, non-private, non-final, nested classes annotated with @Configuration.
2026-07-12T20:03:27.549-04:00  INFO 21216 --- [ms-carrito] [main] .b.t.c.SpringBootTestContextBootstrapper : Found @SpringBootConfiguration com.example.ms_carrito.MsCarritoApplication for test class com.example.ms_carrito.MsCarritoApplicationTests
2026-07-12T20:03:28.623-04:00  INFO 21216 --- [ms-carrito] [main] c.e.m.MsCarritoApplicationTests          : Starting MsCarritoApplicationTests using Java 21.0.8 with PID 21216 (started by Usuario in C:\Users\Usuario\Desktop\Prueba_2_final-main_jacoco_completo\ms-carrito)
2026-07-12T20:03:28.623-04:00 DEBUG 21216 --- [ms-carrito] [main] c.e.m.MsCarritoApplicationTests          : Running with Spring Boot v3.4.4, Spring v6.2.5
2026-07-12T20:03:28.623-04:00  INFO 21216 --- [ms-carrito] [main] c.e.m.MsCarritoApplicationTests          : The following 1 profile is active: "test"
2026-07-12T20:03:29.292-04:00  INFO 21216 --- [ms-carrito] [main] .s.d.r.c.RepositoryConfigurationDelegate : Bootstrapping Spring Data JPA repositories in DEFAULT mode.
2026-07-12T20:03:29.379-04:00  INFO 21216 --- [ms-carrito] [main] .s.d.r.c.RepositoryConfigurationDelegate : Finished Spring Data repository scanning in 69 ms. Found 1 JPA repository interface.
2026-07-12T20:03:29.620-04:00  INFO 21216 --- [ms-carrito] [main] o.s.cloud.context.scope.GenericScope     : BeanFactory id=204ac420-8a9c-3231-8191-ed3a6efb4a20
2026-07-12T20:03:29.972-04:00  INFO 21216 --- [ms-carrito] [main] o.hibernate.jpa.internal.util.LogHelper  : HHH000204: Processing PersistenceUnitInfo [name: default]
2026-07-12T20:03:30.063-04:00  INFO 21216 --- [ms-carrito] [main] org.hibernate.Version                    : HHH000412: Hibernate ORM core version 6.6.11.Final
2026-07-12T20:03:30.129-04:00  INFO 21216 --- [ms-carrito] [main] o.h.c.internal.RegionFactoryInitiator    : HHH000026: Second-level cache disabled
2026-07-12T20:03:30.365-04:00  INFO 21216 --- [ms-carrito] [main] o.s.o.j.p.SpringPersistenceUnitInfo      : No LoadTimeWeaver setup: ignoring JPA class transformer
2026-07-12T20:03:30.413-04:00  INFO 21216 --- [ms-carrito] [main] com.zaxxer.hikari.HikariDataSource       : HikariPool-1 - Starting...
2026-07-12T20:03:30.789-04:00  INFO 21216 --- [ms-carrito] [main] com.zaxxer.hikari.pool.HikariPool        : HikariPool-1 - Added connection conn0: url=jdbc:h2:mem:testdb user=SA
2026-07-12T20:03:30.789-04:00  INFO 21216 --- [ms-carrito] [main] com.zaxxer.hikari.HikariDataSource       : HikariPool-1 - Start completed.
2026-07-12T20:03:30.899-04:00  INFO 21216 --- [ms-carrito] [main] org.hibernate.orm.connections.pooling    : HHH10001005: Database info:
	Database JDBC URL [Connecting through datasource 'HikariDataSource (HikariPool-1)']
	Database driver: undefined/unknown
	Database version: 2.3.232
	Autocommit mode: undefined/unknown
	Isolation level: undefined/unknown
	Minimum pool size: undefined/unknown
	Maximum pool size: undefined/unknown
2026-07-12T20:03:32.229-04:00  INFO 21216 --- [ms-carrito] [main] o.h.e.t.j.p.i.JtaPlatformInitiator       : HHH000489: No JTA platform available (set 'hibernate.transaction.jta.platform' to enable JTA platform integration)
2026-07-12T20:03:32.324-04:00  INFO 21216 --- [ms-carrito] [main] j.LocalContainerEntityManagerFactoryBean : Initialized JPA EntityManagerFactory for persistence unit 'default'
2026-07-12T20:03:33.175-04:00  WARN 21216 --- [ms-carrito] [main] JpaBaseConfiguration$JpaWebConfiguration : spring.jpa.open-in-view is enabled by default. Therefore, database queries may be performed during view rendering. Explicitly configure spring.jpa.open-in-view to disable this warning
2026-07-12T20:03:33.269-04:00  INFO 21216 --- [ms-carrito] [main] r$InitializeUserDetailsManagerConfigurer : Global AuthenticationManager configured with UserDetailsService bean with name customUserDetailsService
2026-07-12T20:03:34.899-04:00  INFO 21216 --- [ms-carrito] [main] o.s.cloud.commons.util.InetUtils         : Cannot determine local hostname
2026-07-12T20:03:34.909-04:00  INFO 21216 --- [ms-carrito] [main] DiscoveryClientOptionalArgsConfiguration : Eureka HTTP Client uses RestTemplate.
2026-07-12T20:03:34.969-04:00  WARN 21216 --- [ms-carrito] [main] iguration$LoadBalancerCaffeineWarnLogger : Spring Cloud LoadBalancer is currently working with the default cache. While this cache implementation is useful for development and tests, it's recommended to use Caffeine cache in production.You can switch to using Caffeine cache, by adding it and org.springframework.cache.caffeine.CaffeineCacheManager to the classpath.
2026-07-12T20:03:34.989-04:00  INFO 21216 --- [ms-carrito] [main] c.e.m.MsCarritoApplicationTests          : Started MsCarritoApplicationTests in 7.43 seconds (process running for 20.158)
2026-07-12T20:03:35.419-04:00  INFO 21216 --- [ms-carrito] [SpringApplicationShutdownHook] j.LocalContainerEntityManagerFactoryBean : Closing JPA EntityManagerFactory for persistence unit 'default'
2026-07-12T20:03:35.427-04:00  INFO 21216 --- [ms-carrito] [SpringApplicationShutdownHook] com.zaxxer.hikari.HikariDataSource       : HikariPool-1 - Shutdown initiated...
2026-07-12T20:03:35.431-04:00  INFO 21216 --- [ms-carrito] [SpringApplicationShutdownHook] com.zaxxer.hikari.HikariDataSource       : HikariPool-1 - Shutdown completed.
2026-07-12T20:06:09.941-04:00  INFO 18524 --- [ms-carrito] [main] c.e.m.c.CarritoAdminControllerTest       : Starting CarritoAdminControllerTest using Java 21.0.8 with PID 18524 (started by Usuario in C:\Users\Usuario\Desktop\Prueba_2_final-main_jacoco_completo\ms-carrito)
2026-07-12T20:06:09.943-04:00 DEBUG 18524 --- [ms-carrito] [main] c.e.m.c.CarritoAdminControllerTest       : Running with Spring Boot v3.4.4, Spring v6.2.5
2026-07-12T20:06:09.943-04:00  INFO 18524 --- [ms-carrito] [main] c.e.m.c.CarritoAdminControllerTest       : No active profile set, falling back to 1 default profile: "default"
2026-07-12T20:06:11.969-04:00  WARN 18524 --- [ms-carrito] [main] r$InitializeUserDetailsManagerConfigurer : Found 2 UserDetailsService beans, with names [inMemoryUserDetailsManager, com.example.ms_carrito.service.CustomUserDetailsService#0]. Global Authentication Manager will not use a UserDetailsService for username/password login. Consider publishing a single UserDetailsService bean.
2026-07-12T20:06:13.109-04:00  WARN 18524 --- [ms-carrito] [main] .s.s.UserDetailsServiceAutoConfiguration : 

Using generated security password: b38851ce-47bc-427c-9441-36914417497c

This generated password is for development use only. Your security configuration must be updated before running your application in production.

2026-07-12T20:06:13.191-04:00 DEBUG 18524 --- [ms-carrito] [main] c.e.m.security.filter.JwtAuthFilter      : Filter 'jwtAuthFilter' configured for use
2026-07-12T20:06:13.200-04:00  INFO 18524 --- [ms-carrito] [main] o.s.b.t.m.w.SpringBootMockServletContext : Initializing Spring TestDispatcherServlet ''
2026-07-12T20:06:13.200-04:00  INFO 18524 --- [ms-carrito] [main] o.s.t.web.servlet.TestDispatcherServlet  : Initializing Servlet ''
2026-07-12T20:06:13.202-04:00  INFO 18524 --- [ms-carrito] [main] o.s.t.web.servlet.TestDispatcherServlet  : Completed initialization in 2 ms
2026-07-12T20:06:13.457-04:00  INFO 18524 --- [ms-carrito] [main] c.e.m.c.CarritoAdminControllerTest       : Started CarritoAdminControllerTest in 5.377 seconds (process running for 10.732)
2026-07-12T20:06:13.575-04:00 DEBUG 18524 --- [ms-carrito] [main] c.e.m.security.filter.JwtAuthFilter      : No se encontró token Bearer
2026-07-12T20:06:13.699-04:00  WARN 18524 --- [ms-carrito] [main] c.e.m.exception.GlobalExceptionHandler   : Acceso denegado - Permisos insuficientes
2026-07-12T20:06:13.829-04:00 DEBUG 18524 --- [ms-carrito] [main] c.e.m.security.filter.JwtAuthFilter      : No se encontró token Bearer
2026-07-12T20:06:13.837-04:00 DEBUG 18524 --- [ms-carrito] [main] c.e.m.controller.CarritoAdminController  : ADMIN - Verificando existencia de carrito para usuario: 10
2026-07-12T20:06:13.933-04:00 DEBUG 18524 --- [ms-carrito] [main] c.e.m.security.filter.JwtAuthFilter      : No se encontró token Bearer
2026-07-12T20:06:13.933-04:00  INFO 18524 --- [ms-carrito] [main] c.e.m.controller.CarritoAdminController  : ADMIN - Obteniendo carrito del usuario 10
2026-07-12T20:06:13.989-04:00 DEBUG 18524 --- [ms-carrito] [main] c.e.m.security.filter.JwtAuthFilter      : No se encontró token Bearer
2026-07-12T20:06:13.989-04:00  INFO 18524 --- [ms-carrito] [main] c.e.m.controller.CarritoAdminController  : ADMIN - Limpiando carrito del usuario 10
2026-07-12T20:06:14.006-04:00  INFO 18524 --- [ms-carrito] [main] t.c.s.AnnotationConfigContextLoaderUtils : Could not detect default configuration classes for test class [com.example.ms_carrito.controller.CarritoControllerTest]: CarritoControllerTest does not declare any static, non-private, non-final, nested classes annotated with @Configuration.
2026-07-12T20:06:14.029-04:00  INFO 18524 --- [ms-carrito] [main] .b.t.c.SpringBootTestContextBootstrapper : Found @SpringBootConfiguration com.example.ms_carrito.MsCarritoApplication for test class com.example.ms_carrito.controller.CarritoControllerTest
2026-07-12T20:06:15.106-04:00  INFO 18524 --- [ms-carrito] [main] c.e.m.controller.CarritoControllerTest   : Starting CarritoControllerTest using Java 21.0.8 with PID 18524 (started by Usuario in C:\Users\Usuario\Desktop\Prueba_2_final-main_jacoco_completo\ms-carrito)
2026-07-12T20:06:15.106-04:00 DEBUG 18524 --- [ms-carrito] [main] c.e.m.controller.CarritoControllerTest   : Running with Spring Boot v3.4.4, Spring v6.2.5
2026-07-12T20:06:15.106-04:00  INFO 18524 --- [ms-carrito] [main] c.e.m.controller.CarritoControllerTest   : No active profile set, falling back to 1 default profile: "default"
2026-07-12T20:06:15.479-04:00  WARN 18524 --- [ms-carrito] [main] r$InitializeUserDetailsManagerConfigurer : Found 2 UserDetailsService beans, with names [inMemoryUserDetailsManager, com.example.ms_carrito.service.CustomUserDetailsService#0]. Global Authentication Manager will not use a UserDetailsService for username/password login. Consider publishing a single UserDetailsService bean.
2026-07-12T20:06:15.521-04:00  WARN 18524 --- [ms-carrito] [main] .s.s.UserDetailsServiceAutoConfiguration : 

Using generated security password: d49c35e2-725a-44f3-ab3b-e16036124b7d

This generated password is for development use only. Your security configuration must be updated before running your application in production.

2026-07-12T20:06:15.533-04:00 DEBUG 18524 --- [ms-carrito] [main] c.e.m.security.filter.JwtAuthFilter      : Filter 'jwtAuthFilter' configured for use
2026-07-12T20:06:15.533-04:00  INFO 18524 --- [ms-carrito] [main] o.s.b.t.m.w.SpringBootMockServletContext : Initializing Spring TestDispatcherServlet ''
2026-07-12T20:06:15.533-04:00  INFO 18524 --- [ms-carrito] [main] o.s.t.web.servlet.TestDispatcherServlet  : Initializing Servlet ''
2026-07-12T20:06:15.533-04:00  INFO 18524 --- [ms-carrito] [main] o.s.t.web.servlet.TestDispatcherServlet  : Completed initialization in 0 ms
2026-07-12T20:06:15.549-04:00  INFO 18524 --- [ms-carrito] [main] c.e.m.controller.CarritoControllerTest   : Started CarritoControllerTest in 1.52 seconds (process running for 12.824)
2026-07-12T20:06:15.569-04:00 DEBUG 18524 --- [ms-carrito] [main] c.e.m.security.filter.JwtAuthFilter      : No se encontró token Bearer
2026-07-12T20:06:15.763-04:00  INFO 18524 --- [ms-carrito] [main] c.e.m.controller.CarritoController       : Agregando item al carrito del usuario: testuser, producto: 1
2026-07-12T20:06:15.949-04:00 DEBUG 18524 --- [ms-carrito] [main] c.e.m.security.filter.JwtAuthFilter      : No se encontró token Bearer
2026-07-12T20:06:15.951-04:00  INFO 18524 --- [ms-carrito] [main] c.e.m.controller.CarritoController       : Eliminando producto 1 del carrito de testuser
2026-07-12T20:06:15.965-04:00 DEBUG 18524 --- [ms-carrito] [main] c.e.m.security.filter.JwtAuthFilter      : No se encontró token Bearer
2026-07-12T20:06:15.969-04:00  INFO 18524 --- [ms-carrito] [main] c.e.m.controller.CarritoController       : Actualizando cantidad del producto 1 a 3 para usuario testuser
2026-07-12T20:06:15.984-04:00 DEBUG 18524 --- [ms-carrito] [main] c.e.m.security.filter.JwtAuthFilter      : No se encontró token Bearer
2026-07-12T20:06:15.984-04:00  INFO 18524 --- [ms-carrito] [main] c.e.m.controller.CarritoController       : Limpiando carrito del usuario: testuser
2026-07-12T20:06:15.999-04:00 DEBUG 18524 --- [ms-carrito] [main] c.e.m.security.filter.JwtAuthFilter      : No se encontró token Bearer
2026-07-12T20:06:15.999-04:00  INFO 18524 --- [ms-carrito] [main] c.e.m.controller.CarritoController       : Obteniendo carrito del usuario: testuser
2026-07-12T20:06:16.024-04:00  INFO 18524 --- [ms-carrito] [main] t.c.s.AnnotationConfigContextLoaderUtils : Could not detect default configuration classes for test class [com.example.ms_carrito.MsCarritoApplicationTests]: MsCarritoApplicationTests does not declare any static, non-private, non-final, nested classes annotated with @Configuration.
2026-07-12T20:06:16.046-04:00  INFO 18524 --- [ms-carrito] [main] .b.t.c.SpringBootTestContextBootstrapper : Found @SpringBootConfiguration com.example.ms_carrito.MsCarritoApplication for test class com.example.ms_carrito.MsCarritoApplicationTests
2026-07-12T20:06:17.118-04:00  INFO 18524 --- [ms-carrito] [main] c.e.m.MsCarritoApplicationTests          : Starting MsCarritoApplicationTests using Java 21.0.8 with PID 18524 (started by Usuario in C:\Users\Usuario\Desktop\Prueba_2_final-main_jacoco_completo\ms-carrito)
2026-07-12T20:06:17.118-04:00 DEBUG 18524 --- [ms-carrito] [main] c.e.m.MsCarritoApplicationTests          : Running with Spring Boot v3.4.4, Spring v6.2.5
2026-07-12T20:06:17.118-04:00  INFO 18524 --- [ms-carrito] [main] c.e.m.MsCarritoApplicationTests          : The following 1 profile is active: "test"
2026-07-12T20:06:17.719-04:00  INFO 18524 --- [ms-carrito] [main] .s.d.r.c.RepositoryConfigurationDelegate : Bootstrapping Spring Data JPA repositories in DEFAULT mode.
2026-07-12T20:06:17.791-04:00  INFO 18524 --- [ms-carrito] [main] .s.d.r.c.RepositoryConfigurationDelegate : Finished Spring Data repository scanning in 54 ms. Found 1 JPA repository interface.
2026-07-12T20:06:17.999-04:00  INFO 18524 --- [ms-carrito] [main] o.s.cloud.context.scope.GenericScope     : BeanFactory id=204ac420-8a9c-3231-8191-ed3a6efb4a20
2026-07-12T20:06:18.330-04:00  INFO 18524 --- [ms-carrito] [main] o.hibernate.jpa.internal.util.LogHelper  : HHH000204: Processing PersistenceUnitInfo [name: default]
2026-07-12T20:06:18.425-04:00  INFO 18524 --- [ms-carrito] [main] org.hibernate.Version                    : HHH000412: Hibernate ORM core version 6.6.11.Final
2026-07-12T20:06:18.486-04:00  INFO 18524 --- [ms-carrito] [main] o.h.c.internal.RegionFactoryInitiator    : HHH000026: Second-level cache disabled
2026-07-12T20:06:18.714-04:00  INFO 18524 --- [ms-carrito] [main] o.s.o.j.p.SpringPersistenceUnitInfo      : No LoadTimeWeaver setup: ignoring JPA class transformer
2026-07-12T20:06:18.769-04:00  INFO 18524 --- [ms-carrito] [main] com.zaxxer.hikari.HikariDataSource       : HikariPool-1 - Starting...
2026-07-12T20:06:19.239-04:00  INFO 18524 --- [ms-carrito] [main] com.zaxxer.hikari.pool.HikariPool        : HikariPool-1 - Added connection conn0: url=jdbc:h2:mem:testdb user=SA
2026-07-12T20:06:19.241-04:00  INFO 18524 --- [ms-carrito] [main] com.zaxxer.hikari.HikariDataSource       : HikariPool-1 - Start completed.
2026-07-12T20:06:19.412-04:00  INFO 18524 --- [ms-carrito] [main] org.hibernate.orm.connections.pooling    : HHH10001005: Database info:
	Database JDBC URL [Connecting through datasource 'HikariDataSource (HikariPool-1)']
	Database driver: undefined/unknown
	Database version: 2.3.232
	Autocommit mode: undefined/unknown
	Isolation level: undefined/unknown
	Minimum pool size: undefined/unknown
	Maximum pool size: undefined/unknown
2026-07-12T20:06:21.029-04:00  INFO 18524 --- [ms-carrito] [main] o.h.e.t.j.p.i.JtaPlatformInitiator       : HHH000489: No JTA platform available (set 'hibernate.transaction.jta.platform' to enable JTA platform integration)
2026-07-12T20:06:21.109-04:00  INFO 18524 --- [ms-carrito] [main] j.LocalContainerEntityManagerFactoryBean : Initialized JPA EntityManagerFactory for persistence unit 'default'
2026-07-12T20:06:21.838-04:00  WARN 18524 --- [ms-carrito] [main] JpaBaseConfiguration$JpaWebConfiguration : spring.jpa.open-in-view is enabled by default. Therefore, database queries may be performed during view rendering. Explicitly configure spring.jpa.open-in-view to disable this warning
2026-07-12T20:06:21.920-04:00  INFO 18524 --- [ms-carrito] [main] r$InitializeUserDetailsManagerConfigurer : Global AuthenticationManager configured with UserDetailsService bean with name customUserDetailsService
2026-07-12T20:06:23.461-04:00  INFO 18524 --- [ms-carrito] [main] o.s.cloud.commons.util.InetUtils         : Cannot determine local hostname
2026-07-12T20:06:23.469-04:00  INFO 18524 --- [ms-carrito] [main] DiscoveryClientOptionalArgsConfiguration : Eureka HTTP Client uses RestTemplate.
2026-07-12T20:06:23.508-04:00  WARN 18524 --- [ms-carrito] [main] iguration$LoadBalancerCaffeineWarnLogger : Spring Cloud LoadBalancer is currently working with the default cache. While this cache implementation is useful for development and tests, it's recommended to use Caffeine cache in production.You can switch to using Caffeine cache, by adding it and org.springframework.cache.caffeine.CaffeineCacheManager to the classpath.
2026-07-12T20:06:23.528-04:00  INFO 18524 --- [ms-carrito] [main] c.e.m.MsCarritoApplicationTests          : Started MsCarritoApplicationTests in 7.473 seconds (process running for 20.807)
2026-07-12T20:06:24.030-04:00  INFO 18524 --- [ms-carrito] [SpringApplicationShutdownHook] j.LocalContainerEntityManagerFactoryBean : Closing JPA EntityManagerFactory for persistence unit 'default'
2026-07-12T20:06:24.037-04:00  INFO 18524 --- [ms-carrito] [SpringApplicationShutdownHook] com.zaxxer.hikari.HikariDataSource       : HikariPool-1 - Shutdown initiated...
2026-07-12T20:06:24.039-04:00  INFO 18524 --- [ms-carrito] [SpringApplicationShutdownHook] com.zaxxer.hikari.HikariDataSource       : HikariPool-1 - Shutdown completed.
2026-07-12T20:10:33.518-04:00  INFO 18532 --- [ms-carrito] [main] c.e.m.c.CarritoAdminControllerTest       : Starting CarritoAdminControllerTest using Java 21.0.8 with PID 18532 (started by Usuario in C:\Users\Usuario\Desktop\Prueba_2_final-main_jacoco_completo\ms-carrito)
2026-07-12T20:10:33.520-04:00 DEBUG 18532 --- [ms-carrito] [main] c.e.m.c.CarritoAdminControllerTest       : Running with Spring Boot v3.4.4, Spring v6.2.5
2026-07-12T20:10:33.522-04:00  INFO 18532 --- [ms-carrito] [main] c.e.m.c.CarritoAdminControllerTest       : No active profile set, falling back to 1 default profile: "default"
2026-07-12T20:10:36.356-04:00  WARN 18532 --- [ms-carrito] [main] r$InitializeUserDetailsManagerConfigurer : Found 2 UserDetailsService beans, with names [inMemoryUserDetailsManager, com.example.ms_carrito.service.CustomUserDetailsService#0]. Global Authentication Manager will not use a UserDetailsService for username/password login. Consider publishing a single UserDetailsService bean.
2026-07-12T20:10:37.591-04:00  WARN 18532 --- [ms-carrito] [main] .s.s.UserDetailsServiceAutoConfiguration : 

Using generated security password: eaee8d0d-78b3-4e10-872e-9699f8a0bbbc

This generated password is for development use only. Your security configuration must be updated before running your application in production.

2026-07-12T20:10:37.679-04:00 DEBUG 18532 --- [ms-carrito] [main] c.e.m.security.filter.JwtAuthFilter      : Filter 'jwtAuthFilter' configured for use
2026-07-12T20:10:37.690-04:00  INFO 18532 --- [ms-carrito] [main] o.s.b.t.m.w.SpringBootMockServletContext : Initializing Spring TestDispatcherServlet ''
2026-07-12T20:10:37.690-04:00  INFO 18532 --- [ms-carrito] [main] o.s.t.web.servlet.TestDispatcherServlet  : Initializing Servlet ''
2026-07-12T20:10:37.693-04:00  INFO 18532 --- [ms-carrito] [main] o.s.t.web.servlet.TestDispatcherServlet  : Completed initialization in 3 ms
2026-07-12T20:10:37.927-04:00  INFO 18532 --- [ms-carrito] [main] c.e.m.c.CarritoAdminControllerTest       : Started CarritoAdminControllerTest in 6.951 seconds (process running for 13.087)
2026-07-12T20:10:38.050-04:00 DEBUG 18532 --- [ms-carrito] [main] c.e.m.security.filter.JwtAuthFilter      : No se encontró token Bearer
2026-07-12T20:10:38.198-04:00  WARN 18532 --- [ms-carrito] [main] c.e.m.exception.GlobalExceptionHandler   : Acceso denegado - Permisos insuficientes
2026-07-12T20:10:38.346-04:00 DEBUG 18532 --- [ms-carrito] [main] c.e.m.security.filter.JwtAuthFilter      : No se encontró token Bearer
2026-07-12T20:10:38.349-04:00 DEBUG 18532 --- [ms-carrito] [main] c.e.m.controller.CarritoAdminController  : ADMIN - Verificando existencia de carrito para usuario: 10
2026-07-12T20:10:38.473-04:00 DEBUG 18532 --- [ms-carrito] [main] c.e.m.security.filter.JwtAuthFilter      : No se encontró token Bearer
2026-07-12T20:10:38.473-04:00  INFO 18532 --- [ms-carrito] [main] c.e.m.controller.CarritoAdminController  : ADMIN - Obteniendo carrito del usuario 10
2026-07-12T20:10:38.539-04:00 DEBUG 18532 --- [ms-carrito] [main] c.e.m.security.filter.JwtAuthFilter      : No se encontró token Bearer
2026-07-12T20:10:38.539-04:00  INFO 18532 --- [ms-carrito] [main] c.e.m.controller.CarritoAdminController  : ADMIN - Limpiando carrito del usuario 10
2026-07-12T20:10:38.563-04:00  INFO 18532 --- [ms-carrito] [main] t.c.s.AnnotationConfigContextLoaderUtils : Could not detect default configuration classes for test class [com.example.ms_carrito.controller.CarritoControllerTest]: CarritoControllerTest does not declare any static, non-private, non-final, nested classes annotated with @Configuration.
2026-07-12T20:10:38.586-04:00  INFO 18532 --- [ms-carrito] [main] .b.t.c.SpringBootTestContextBootstrapper : Found @SpringBootConfiguration com.example.ms_carrito.MsCarritoApplication for test class com.example.ms_carrito.controller.CarritoControllerTest
2026-07-12T20:10:39.640-04:00  INFO 18532 --- [ms-carrito] [main] c.e.m.controller.CarritoControllerTest   : Starting CarritoControllerTest using Java 21.0.8 with PID 18532 (started by Usuario in C:\Users\Usuario\Desktop\Prueba_2_final-main_jacoco_completo\ms-carrito)
2026-07-12T20:10:39.646-04:00 DEBUG 18532 --- [ms-carrito] [main] c.e.m.controller.CarritoControllerTest   : Running with Spring Boot v3.4.4, Spring v6.2.5
2026-07-12T20:10:39.646-04:00  INFO 18532 --- [ms-carrito] [main] c.e.m.controller.CarritoControllerTest   : No active profile set, falling back to 1 default profile: "default"
2026-07-12T20:10:40.026-04:00  WARN 18532 --- [ms-carrito] [main] r$InitializeUserDetailsManagerConfigurer : Found 2 UserDetailsService beans, with names [inMemoryUserDetailsManager, com.example.ms_carrito.service.CustomUserDetailsService#0]. Global Authentication Manager will not use a UserDetailsService for username/password login. Consider publishing a single UserDetailsService bean.
2026-07-12T20:10:40.068-04:00  WARN 18532 --- [ms-carrito] [main] .s.s.UserDetailsServiceAutoConfiguration : 

Using generated security password: 084e7946-aa8e-4269-8d38-05bb4555e9a7

This generated password is for development use only. Your security configuration must be updated before running your application in production.

2026-07-12T20:10:40.076-04:00 DEBUG 18532 --- [ms-carrito] [main] c.e.m.security.filter.JwtAuthFilter      : Filter 'jwtAuthFilter' configured for use
2026-07-12T20:10:40.076-04:00  INFO 18532 --- [ms-carrito] [main] o.s.b.t.m.w.SpringBootMockServletContext : Initializing Spring TestDispatcherServlet ''
2026-07-12T20:10:40.076-04:00  INFO 18532 --- [ms-carrito] [main] o.s.t.web.servlet.TestDispatcherServlet  : Initializing Servlet ''
2026-07-12T20:10:40.076-04:00  INFO 18532 --- [ms-carrito] [main] o.s.t.web.servlet.TestDispatcherServlet  : Completed initialization in 0 ms
2026-07-12T20:10:40.083-04:00  INFO 18532 --- [ms-carrito] [main] c.e.m.controller.CarritoControllerTest   : Started CarritoControllerTest in 1.492 seconds (process running for 15.241)
2026-07-12T20:10:40.099-04:00 DEBUG 18532 --- [ms-carrito] [main] c.e.m.security.filter.JwtAuthFilter      : No se encontró token Bearer
2026-07-12T20:10:40.258-04:00  INFO 18532 --- [ms-carrito] [main] c.e.m.controller.CarritoController       : Agregando item al carrito del usuario: testuser, producto: 1
2026-07-12T20:10:40.448-04:00 DEBUG 18532 --- [ms-carrito] [main] c.e.m.security.filter.JwtAuthFilter      : No se encontró token Bearer
2026-07-12T20:10:40.448-04:00  INFO 18532 --- [ms-carrito] [main] c.e.m.controller.CarritoController       : Eliminando producto 1 del carrito de testuser
2026-07-12T20:10:40.456-04:00 DEBUG 18532 --- [ms-carrito] [main] c.e.m.security.filter.JwtAuthFilter      : No se encontró token Bearer
2026-07-12T20:10:40.456-04:00  INFO 18532 --- [ms-carrito] [main] c.e.m.controller.CarritoController       : Actualizando cantidad del producto 1 a 3 para usuario testuser
2026-07-12T20:10:40.476-04:00 DEBUG 18532 --- [ms-carrito] [main] c.e.m.security.filter.JwtAuthFilter      : No se encontró token Bearer
2026-07-12T20:10:40.476-04:00  INFO 18532 --- [ms-carrito] [main] c.e.m.controller.CarritoController       : Limpiando carrito del usuario: testuser
2026-07-12T20:10:40.491-04:00 DEBUG 18532 --- [ms-carrito] [main] c.e.m.security.filter.JwtAuthFilter      : No se encontró token Bearer
2026-07-12T20:10:40.491-04:00  INFO 18532 --- [ms-carrito] [main] c.e.m.controller.CarritoController       : Obteniendo carrito del usuario: testuser
2026-07-12T20:10:40.513-04:00  WARN 18532 --- [ms-carrito] [main] c.e.m.exception.GlobalExceptionHandler   : Carrito no encontrado: Carrito 1 no existe
2026-07-12T20:10:40.516-04:00 ERROR 18532 --- [ms-carrito] [main] c.e.m.exception.GlobalExceptionHandler   : Error en tiempo de ejecución: Error inesperado

java.lang.RuntimeException: Error inesperado
	at com.example.ms_carrito.exception.GlobalExceptionHandlerTest.deberiaManejarRuntimeException(GlobalExceptionHandlerTest.java:64) ~[test-classes/:na]
	at java.base/jdk.internal.reflect.DirectMethodHandleAccessor.invoke(DirectMethodHandleAccessor.java:103) ~[na:na]
	at java.base/java.lang.reflect.Method.invoke(Method.java:580) ~[na:na]
	at org.junit.platform.commons.util.ReflectionUtils.invokeMethod(ReflectionUtils.java:767) ~[junit-platform-commons-1.11.4.jar:1.11.4]
	at org.junit.jupiter.engine.execution.MethodInvocation.proceed(MethodInvocation.java:60) ~[junit-jupiter-engine-5.11.4.jar:5.11.4]
	at org.junit.jupiter.engine.execution.InvocationInterceptorChain$ValidatingInvocation.proceed(InvocationInterceptorChain.java:131) ~[junit-jupiter-engine-5.11.4.jar:5.11.4]
	at org.junit.jupiter.engine.extension.TimeoutExtension.intercept(TimeoutExtension.java:156) ~[junit-jupiter-engine-5.11.4.jar:5.11.4]
	at org.junit.jupiter.engine.extension.TimeoutExtension.interceptTestableMethod(TimeoutExtension.java:147) ~[junit-jupiter-engine-5.11.4.jar:5.11.4]
	at org.junit.jupiter.engine.extension.TimeoutExtension.interceptTestMethod(TimeoutExtension.java:86) ~[junit-jupiter-engine-5.11.4.jar:5.11.4]
	at org.junit.jupiter.engine.execution.InterceptingExecutableInvoker$ReflectiveInterceptorCall.lambda$ofVoidMethod$0(InterceptingExecutableInvoker.java:103) ~[junit-jupiter-engine-5.11.4.jar:5.11.4]
	at org.junit.jupiter.engine.execution.InterceptingExecutableInvoker.lambda$invoke$0(InterceptingExecutableInvoker.java:93) ~[junit-jupiter-engine-5.11.4.jar:5.11.4]
	at org.junit.jupiter.engine.execution.InvocationInterceptorChain$InterceptedInvocation.proceed(InvocationInterceptorChain.java:106) ~[junit-jupiter-engine-5.11.4.jar:5.11.4]
	at org.junit.jupiter.engine.execution.InvocationInterceptorChain.proceed(InvocationInterceptorChain.java:64) ~[junit-jupiter-engine-5.11.4.jar:5.11.4]
	at org.junit.jupiter.engine.execution.InvocationInterceptorChain.chainAndInvoke(InvocationInterceptorChain.java:45) ~[junit-jupiter-engine-5.11.4.jar:5.11.4]
	at org.junit.jupiter.engine.execution.InvocationInterceptorChain.invoke(InvocationInterceptorChain.java:37) ~[junit-jupiter-engine-5.11.4.jar:5.11.4]
	at org.junit.jupiter.engine.execution.InterceptingExecutableInvoker.invoke(InterceptingExecutableInvoker.java:92) ~[junit-jupiter-engine-5.11.4.jar:5.11.4]
	at org.junit.jupiter.engine.execution.InterceptingExecutableInvoker.invoke(InterceptingExecutableInvoker.java:86) ~[junit-jupiter-engine-5.11.4.jar:5.11.4]
	at org.junit.jupiter.engine.descriptor.TestMethodTestDescriptor.lambda$invokeTestMethod$8(TestMethodTestDescriptor.java:217) ~[junit-jupiter-engine-5.11.4.jar:5.11.4]
	at org.junit.platform.engine.support.hierarchical.ThrowableCollector.execute(ThrowableCollector.java:73) ~[junit-platform-engine-1.11.4.jar:1.11.4]
	at org.junit.jupiter.engine.descriptor.TestMethodTestDescriptor.invokeTestMethod(TestMethodTestDescriptor.java:213) ~[junit-jupiter-engine-5.11.4.jar:5.11.4]
	at org.junit.jupiter.engine.descriptor.TestMethodTestDescriptor.execute(TestMethodTestDescriptor.java:138) ~[junit-jupiter-engine-5.11.4.jar:5.11.4]
	at org.junit.jupiter.engine.descriptor.TestMethodTestDescriptor.execute(TestMethodTestDescriptor.java:68) ~[junit-jupiter-engine-5.11.4.jar:5.11.4]
	at org.junit.platform.engine.support.hierarchical.NodeTestTask.lambda$executeRecursively$6(NodeTestTask.java:156) ~[junit-platform-engine-1.11.4.jar:1.11.4]
	at org.junit.platform.engine.support.hierarchical.ThrowableCollector.execute(ThrowableCollector.java:73) ~[junit-platform-engine-1.11.4.jar:1.11.4]
	at org.junit.platform.engine.support.hierarchical.NodeTestTask.lambda$executeRecursively$8(NodeTestTask.java:146) ~[junit-platform-engine-1.11.4.jar:1.11.4]
	at org.junit.platform.engine.support.hierarchical.Node.around(Node.java:137) ~[junit-platform-engine-1.11.4.jar:1.11.4]
	at org.junit.platform.engine.support.hierarchical.NodeTestTask.lambda$executeRecursively$9(NodeTestTask.java:144) ~[junit-platform-engine-1.11.4.jar:1.11.4]
	at org.junit.platform.engine.support.hierarchical.ThrowableCollector.execute(ThrowableCollector.java:73) ~[junit-platform-engine-1.11.4.jar:1.11.4]
	at org.junit.platform.engine.support.hierarchical.NodeTestTask.executeRecursively(NodeTestTask.java:143) ~[junit-platform-engine-1.11.4.jar:1.11.4]
	at org.junit.platform.engine.support.hierarchical.NodeTestTask.execute(NodeTestTask.java:100) ~[junit-platform-engine-1.11.4.jar:1.11.4]
	at java.base/java.util.ArrayList.forEach(ArrayList.java:1596) ~[na:na]
	at org.junit.platform.engine.support.hierarchical.SameThreadHierarchicalTestExecutorService.invokeAll(SameThreadHierarchicalTestExecutorService.java:41) ~[junit-platform-engine-1.11.4.jar:1.11.4]
	at org.junit.platform.engine.support.hierarchical.NodeTestTask.lambda$executeRecursively$6(NodeTestTask.java:160) ~[junit-platform-engine-1.11.4.jar:1.11.4]
	at org.junit.platform.engine.support.hierarchical.ThrowableCollector.execute(ThrowableCollector.java:73) ~[junit-platform-engine-1.11.4.jar:1.11.4]
	at org.junit.platform.engine.support.hierarchical.NodeTestTask.lambda$executeRecursively$8(NodeTestTask.java:146) ~[junit-platform-engine-1.11.4.jar:1.11.4]
	at org.junit.platform.engine.support.hierarchical.Node.around(Node.java:137) ~[junit-platform-engine-1.11.4.jar:1.11.4]
	at org.junit.platform.engine.support.hierarchical.NodeTestTask.lambda$executeRecursively$9(NodeTestTask.java:144) ~[junit-platform-engine-1.11.4.jar:1.11.4]
	at org.junit.platform.engine.support.hierarchical.ThrowableCollector.execute(ThrowableCollector.java:73) ~[junit-platform-engine-1.11.4.jar:1.11.4]
	at org.junit.platform.engine.support.hierarchical.NodeTestTask.executeRecursively(NodeTestTask.java:143) ~[junit-platform-engine-1.11.4.jar:1.11.4]
	at org.junit.platform.engine.support.hierarchical.NodeTestTask.execute(NodeTestTask.java:100) ~[junit-platform-engine-1.11.4.jar:1.11.4]
	at java.base/java.util.ArrayList.forEach(ArrayList.java:1596) ~[na:na]
	at org.junit.platform.engine.support.hierarchical.SameThreadHierarchicalTestExecutorService.invokeAll(SameThreadHierarchicalTestExecutorService.java:41) ~[junit-platform-engine-1.11.4.jar:1.11.4]
	at org.junit.platform.engine.support.hierarchical.NodeTestTask.lambda$executeRecursively$6(NodeTestTask.java:160) ~[junit-platform-engine-1.11.4.jar:1.11.4]
	at org.junit.platform.engine.support.hierarchical.ThrowableCollector.execute(ThrowableCollector.java:73) ~[junit-platform-engine-1.11.4.jar:1.11.4]
	at org.junit.platform.engine.support.hierarchical.NodeTestTask.lambda$executeRecursively$8(NodeTestTask.java:146) ~[junit-platform-engine-1.11.4.jar:1.11.4]
	at org.junit.platform.engine.support.hierarchical.Node.around(Node.java:137) ~[junit-platform-engine-1.11.4.jar:1.11.4]
	at org.junit.platform.engine.support.hierarchical.NodeTestTask.lambda$executeRecursively$9(NodeTestTask.java:144) ~[junit-platform-engine-1.11.4.jar:1.11.4]
	at org.junit.platform.engine.support.hierarchical.ThrowableCollector.execute(ThrowableCollector.java:73) ~[junit-platform-engine-1.11.4.jar:1.11.4]
	at org.junit.platform.engine.support.hierarchical.NodeTestTask.executeRecursively(NodeTestTask.java:143) ~[junit-platform-engine-1.11.4.jar:1.11.4]
	at org.junit.platform.engine.support.hierarchical.NodeTestTask.execute(NodeTestTask.java:100) ~[junit-platform-engine-1.11.4.jar:1.11.4]
	at org.junit.platform.engine.support.hierarchical.SameThreadHierarchicalTestExecutorService.submit(SameThreadHierarchicalTestExecutorService.java:35) ~[junit-platform-engine-1.11.4.jar:1.11.4]
	at org.junit.platform.engine.support.hierarchical.HierarchicalTestExecutor.execute(HierarchicalTestExecutor.java:57) ~[junit-platform-engine-1.11.4.jar:1.11.4]
	at org.junit.platform.engine.support.hierarchical.HierarchicalTestEngine.execute(HierarchicalTestEngine.java:54) ~[junit-platform-engine-1.11.4.jar:1.11.4]
	at org.junit.platform.launcher.core.EngineExecutionOrchestrator.execute(EngineExecutionOrchestrator.java:198) ~[junit-platform-launcher-1.11.4.jar:1.11.4]
	at org.junit.platform.launcher.core.EngineExecutionOrchestrator.execute(EngineExecutionOrchestrator.java:169) ~[junit-platform-launcher-1.11.4.jar:1.11.4]
	at org.junit.platform.launcher.core.EngineExecutionOrchestrator.execute(EngineExecutionOrchestrator.java:93) ~[junit-platform-launcher-1.11.4.jar:1.11.4]
	at org.junit.platform.launcher.core.EngineExecutionOrchestrator.lambda$execute$0(EngineExecutionOrchestrator.java:58) ~[junit-platform-launcher-1.11.4.jar:1.11.4]
	at org.junit.platform.launcher.core.EngineExecutionOrchestrator.withInterceptedStreams(EngineExecutionOrchestrator.java:141) ~[junit-platform-launcher-1.11.4.jar:1.11.4]
	at org.junit.platform.launcher.core.EngineExecutionOrchestrator.execute(EngineExecutionOrchestrator.java:57) ~[junit-platform-launcher-1.11.4.jar:1.11.4]
	at org.junit.platform.launcher.core.DefaultLauncher.execute(DefaultLauncher.java:103) ~[junit-platform-launcher-1.11.4.jar:1.11.4]
	at org.junit.platform.launcher.core.DefaultLauncher.execute(DefaultLauncher.java:85) ~[junit-platform-launcher-1.11.4.jar:1.11.4]
	at org.junit.platform.launcher.core.DelegatingLauncher.execute(DelegatingLauncher.java:47) ~[junit-platform-launcher-1.11.4.jar:1.11.4]
	at org.apache.maven.surefire.junitplatform.LazyLauncher.execute(LazyLauncher.java:56) ~[surefire-junit-platform-3.5.2.jar:3.5.2]
	at org.apache.maven.surefire.junitplatform.JUnitPlatformProvider.execute(JUnitPlatformProvider.java:184) ~[surefire-junit-platform-3.5.2.jar:3.5.2]
	at org.apache.maven.surefire.junitplatform.JUnitPlatformProvider.invokeAllTests(JUnitPlatformProvider.java:148) ~[surefire-junit-platform-3.5.2.jar:3.5.2]
	at org.apache.maven.surefire.junitplatform.JUnitPlatformProvider.invoke(JUnitPlatformProvider.java:122) ~[surefire-junit-platform-3.5.2.jar:3.5.2]
	at org.apache.maven.surefire.booter.ForkedBooter.runSuitesInProcess(ForkedBooter.java:385) ~[surefire-booter-3.5.2.jar:3.5.2]
	at org.apache.maven.surefire.booter.ForkedBooter.execute(ForkedBooter.java:162) ~[surefire-booter-3.5.2.jar:3.5.2]
	at org.apache.maven.surefire.booter.ForkedBooter.run(ForkedBooter.java:507) ~[surefire-booter-3.5.2.jar:3.5.2]
	at org.apache.maven.surefire.booter.ForkedBooter.main(ForkedBooter.java:495) ~[surefire-booter-3.5.2.jar:3.5.2]

2026-07-12T20:10:40.530-04:00  WARN 18532 --- [ms-carrito] [main] c.e.m.exception.GlobalExceptionHandler   : Usuario no encontrado: Usuario no existe
2026-07-12T20:10:40.536-04:00  WARN 18532 --- [ms-carrito] [main] c.e.m.exception.GlobalExceptionHandler   : Stock insuficiente: Sin stock
2026-07-12T20:10:40.544-04:00  WARN 18532 --- [ms-carrito] [main] c.e.m.exception.GlobalExceptionHandler   : Acceso denegado - Permisos insuficientes
2026-07-12T20:10:40.546-04:00  WARN 18532 --- [ms-carrito] [main] c.e.m.exception.GlobalExceptionHandler   : Argumento inválido: Argumento inválido
2026-07-12T20:10:40.546-04:00  WARN 18532 --- [ms-carrito] [main] c.e.m.exception.GlobalExceptionHandler   : Item no encontrado: Item no existe
2026-07-12T20:10:40.551-04:00  WARN 18532 --- [ms-carrito] [main] c.e.m.exception.GlobalExceptionHandler   : Producto no encontrado: Producto no existe
2026-07-12T20:10:40.788-04:00  WARN 18532 --- [ms-carrito] [main] c.e.m.exception.GlobalExceptionHandler   : Error de validación - Campos inválidos: []
2026-07-12T20:10:40.788-04:00 ERROR 18532 --- [ms-carrito] [main] c.e.m.exception.GlobalExceptionHandler   : Error inesperado: Error genérico

java.lang.Exception: Error genérico
	at com.example.ms_carrito.exception.GlobalExceptionHandlerTest.deberiaManejarGenericException(GlobalExceptionHandlerTest.java:70) ~[test-classes/:na]
	at java.base/jdk.internal.reflect.DirectMethodHandleAccessor.invoke(DirectMethodHandleAccessor.java:103) ~[na:na]
	at java.base/java.lang.reflect.Method.invoke(Method.java:580) ~[na:na]
	at org.junit.platform.commons.util.ReflectionUtils.invokeMethod(ReflectionUtils.java:767) ~[junit-platform-commons-1.11.4.jar:1.11.4]
	at org.junit.jupiter.engine.execution.MethodInvocation.proceed(MethodInvocation.java:60) ~[junit-jupiter-engine-5.11.4.jar:5.11.4]
	at org.junit.jupiter.engine.execution.InvocationInterceptorChain$ValidatingInvocation.proceed(InvocationInterceptorChain.java:131) ~[junit-jupiter-engine-5.11.4.jar:5.11.4]
	at org.junit.jupiter.engine.extension.TimeoutExtension.intercept(TimeoutExtension.java:156) ~[junit-jupiter-engine-5.11.4.jar:5.11.4]
	at org.junit.jupiter.engine.extension.TimeoutExtension.interceptTestableMethod(TimeoutExtension.java:147) ~[junit-jupiter-engine-5.11.4.jar:5.11.4]
	at org.junit.jupiter.engine.extension.TimeoutExtension.interceptTestMethod(TimeoutExtension.java:86) ~[junit-jupiter-engine-5.11.4.jar:5.11.4]
	at org.junit.jupiter.engine.execution.InterceptingExecutableInvoker$ReflectiveInterceptorCall.lambda$ofVoidMethod$0(InterceptingExecutableInvoker.java:103) ~[junit-jupiter-engine-5.11.4.jar:5.11.4]
	at org.junit.jupiter.engine.execution.InterceptingExecutableInvoker.lambda$invoke$0(InterceptingExecutableInvoker.java:93) ~[junit-jupiter-engine-5.11.4.jar:5.11.4]
	at org.junit.jupiter.engine.execution.InvocationInterceptorChain$InterceptedInvocation.proceed(InvocationInterceptorChain.java:106) ~[junit-jupiter-engine-5.11.4.jar:5.11.4]
	at org.junit.jupiter.engine.execution.InvocationInterceptorChain.proceed(InvocationInterceptorChain.java:64) ~[junit-jupiter-engine-5.11.4.jar:5.11.4]
	at org.junit.jupiter.engine.execution.InvocationInterceptorChain.chainAndInvoke(InvocationInterceptorChain.java:45) ~[junit-jupiter-engine-5.11.4.jar:5.11.4]
	at org.junit.jupiter.engine.execution.InvocationInterceptorChain.invoke(InvocationInterceptorChain.java:37) ~[junit-jupiter-engine-5.11.4.jar:5.11.4]
	at org.junit.jupiter.engine.execution.InterceptingExecutableInvoker.invoke(InterceptingExecutableInvoker.java:92) ~[junit-jupiter-engine-5.11.4.jar:5.11.4]
	at org.junit.jupiter.engine.execution.InterceptingExecutableInvoker.invoke(InterceptingExecutableInvoker.java:86) ~[junit-jupiter-engine-5.11.4.jar:5.11.4]
	at org.junit.jupiter.engine.descriptor.TestMethodTestDescriptor.lambda$invokeTestMethod$8(TestMethodTestDescriptor.java:217) ~[junit-jupiter-engine-5.11.4.jar:5.11.4]
	at org.junit.platform.engine.support.hierarchical.ThrowableCollector.execute(ThrowableCollector.java:73) ~[junit-platform-engine-1.11.4.jar:1.11.4]
	at org.junit.jupiter.engine.descriptor.TestMethodTestDescriptor.invokeTestMethod(TestMethodTestDescriptor.java:213) ~[junit-jupiter-engine-5.11.4.jar:5.11.4]
	at org.junit.jupiter.engine.descriptor.TestMethodTestDescriptor.execute(TestMethodTestDescriptor.java:138) ~[junit-jupiter-engine-5.11.4.jar:5.11.4]
	at org.junit.jupiter.engine.descriptor.TestMethodTestDescriptor.execute(TestMethodTestDescriptor.java:68) ~[junit-jupiter-engine-5.11.4.jar:5.11.4]
	at org.junit.platform.engine.support.hierarchical.NodeTestTask.lambda$executeRecursively$6(NodeTestTask.java:156) ~[junit-platform-engine-1.11.4.jar:1.11.4]
	at org.junit.platform.engine.support.hierarchical.ThrowableCollector.execute(ThrowableCollector.java:73) ~[junit-platform-engine-1.11.4.jar:1.11.4]
	at org.junit.platform.engine.support.hierarchical.NodeTestTask.lambda$executeRecursively$8(NodeTestTask.java:146) ~[junit-platform-engine-1.11.4.jar:1.11.4]
	at org.junit.platform.engine.support.hierarchical.Node.around(Node.java:137) ~[junit-platform-engine-1.11.4.jar:1.11.4]
	at org.junit.platform.engine.support.hierarchical.NodeTestTask.lambda$executeRecursively$9(NodeTestTask.java:144) ~[junit-platform-engine-1.11.4.jar:1.11.4]
	at org.junit.platform.engine.support.hierarchical.ThrowableCollector.execute(ThrowableCollector.java:73) ~[junit-platform-engine-1.11.4.jar:1.11.4]
	at org.junit.platform.engine.support.hierarchical.NodeTestTask.executeRecursively(NodeTestTask.java:143) ~[junit-platform-engine-1.11.4.jar:1.11.4]
	at org.junit.platform.engine.support.hierarchical.NodeTestTask.execute(NodeTestTask.java:100) ~[junit-platform-engine-1.11.4.jar:1.11.4]
	at java.base/java.util.ArrayList.forEach(ArrayList.java:1596) ~[na:na]
	at org.junit.platform.engine.support.hierarchical.SameThreadHierarchicalTestExecutorService.invokeAll(SameThreadHierarchicalTestExecutorService.java:41) ~[junit-platform-engine-1.11.4.jar:1.11.4]
	at org.junit.platform.engine.support.hierarchical.NodeTestTask.lambda$executeRecursively$6(NodeTestTask.java:160) ~[junit-platform-engine-1.11.4.jar:1.11.4]
	at org.junit.platform.engine.support.hierarchical.ThrowableCollector.execute(ThrowableCollector.java:73) ~[junit-platform-engine-1.11.4.jar:1.11.4]
	at org.junit.platform.engine.support.hierarchical.NodeTestTask.lambda$executeRecursively$8(NodeTestTask.java:146) ~[junit-platform-engine-1.11.4.jar:1.11.4]
	at org.junit.platform.engine.support.hierarchical.Node.around(Node.java:137) ~[junit-platform-engine-1.11.4.jar:1.11.4]
	at org.junit.platform.engine.support.hierarchical.NodeTestTask.lambda$executeRecursively$9(NodeTestTask.java:144) ~[junit-platform-engine-1.11.4.jar:1.11.4]
	at org.junit.platform.engine.support.hierarchical.ThrowableCollector.execute(ThrowableCollector.java:73) ~[junit-platform-engine-1.11.4.jar:1.11.4]
	at org.junit.platform.engine.support.hierarchical.NodeTestTask.executeRecursively(NodeTestTask.java:143) ~[junit-platform-engine-1.11.4.jar:1.11.4]
	at org.junit.platform.engine.support.hierarchical.NodeTestTask.execute(NodeTestTask.java:100) ~[junit-platform-engine-1.11.4.jar:1.11.4]
	at java.base/java.util.ArrayList.forEach(ArrayList.java:1596) ~[na:na]
	at org.junit.platform.engine.support.hierarchical.SameThreadHierarchicalTestExecutorService.invokeAll(SameThreadHierarchicalTestExecutorService.java:41) ~[junit-platform-engine-1.11.4.jar:1.11.4]
	at org.junit.platform.engine.support.hierarchical.NodeTestTask.lambda$executeRecursively$6(NodeTestTask.java:160) ~[junit-platform-engine-1.11.4.jar:1.11.4]
	at org.junit.platform.engine.support.hierarchical.ThrowableCollector.execute(ThrowableCollector.java:73) ~[junit-platform-engine-1.11.4.jar:1.11.4]
	at org.junit.platform.engine.support.hierarchical.NodeTestTask.lambda$executeRecursively$8(NodeTestTask.java:146) ~[junit-platform-engine-1.11.4.jar:1.11.4]
	at org.junit.platform.engine.support.hierarchical.Node.around(Node.java:137) ~[junit-platform-engine-1.11.4.jar:1.11.4]
	at org.junit.platform.engine.support.hierarchical.NodeTestTask.lambda$executeRecursively$9(NodeTestTask.java:144) ~[junit-platform-engine-1.11.4.jar:1.11.4]
	at org.junit.platform.engine.support.hierarchical.ThrowableCollector.execute(ThrowableCollector.java:73) ~[junit-platform-engine-1.11.4.jar:1.11.4]
	at org.junit.platform.engine.support.hierarchical.NodeTestTask.executeRecursively(NodeTestTask.java:143) ~[junit-platform-engine-1.11.4.jar:1.11.4]
	at org.junit.platform.engine.support.hierarchical.NodeTestTask.execute(NodeTestTask.java:100) ~[junit-platform-engine-1.11.4.jar:1.11.4]
	at org.junit.platform.engine.support.hierarchical.SameThreadHierarchicalTestExecutorService.submit(SameThreadHierarchicalTestExecutorService.java:35) ~[junit-platform-engine-1.11.4.jar:1.11.4]
	at org.junit.platform.engine.support.hierarchical.HierarchicalTestExecutor.execute(HierarchicalTestExecutor.java:57) ~[junit-platform-engine-1.11.4.jar:1.11.4]
	at org.junit.platform.engine.support.hierarchical.HierarchicalTestEngine.execute(HierarchicalTestEngine.java:54) ~[junit-platform-engine-1.11.4.jar:1.11.4]
	at org.junit.platform.launcher.core.EngineExecutionOrchestrator.execute(EngineExecutionOrchestrator.java:198) ~[junit-platform-launcher-1.11.4.jar:1.11.4]
	at org.junit.platform.launcher.core.EngineExecutionOrchestrator.execute(EngineExecutionOrchestrator.java:169) ~[junit-platform-launcher-1.11.4.jar:1.11.4]
	at org.junit.platform.launcher.core.EngineExecutionOrchestrator.execute(EngineExecutionOrchestrator.java:93) ~[junit-platform-launcher-1.11.4.jar:1.11.4]
	at org.junit.platform.launcher.core.EngineExecutionOrchestrator.lambda$execute$0(EngineExecutionOrchestrator.java:58) ~[junit-platform-launcher-1.11.4.jar:1.11.4]
	at org.junit.platform.launcher.core.EngineExecutionOrchestrator.withInterceptedStreams(EngineExecutionOrchestrator.java:141) ~[junit-platform-launcher-1.11.4.jar:1.11.4]
	at org.junit.platform.launcher.core.EngineExecutionOrchestrator.execute(EngineExecutionOrchestrator.java:57) ~[junit-platform-launcher-1.11.4.jar:1.11.4]
	at org.junit.platform.launcher.core.DefaultLauncher.execute(DefaultLauncher.java:103) ~[junit-platform-launcher-1.11.4.jar:1.11.4]
	at org.junit.platform.launcher.core.DefaultLauncher.execute(DefaultLauncher.java:85) ~[junit-platform-launcher-1.11.4.jar:1.11.4]
	at org.junit.platform.launcher.core.DelegatingLauncher.execute(DelegatingLauncher.java:47) ~[junit-platform-launcher-1.11.4.jar:1.11.4]
	at org.apache.maven.surefire.junitplatform.LazyLauncher.execute(LazyLauncher.java:56) ~[surefire-junit-platform-3.5.2.jar:3.5.2]
	at org.apache.maven.surefire.junitplatform.JUnitPlatformProvider.execute(JUnitPlatformProvider.java:184) ~[surefire-junit-platform-3.5.2.jar:3.5.2]
	at org.apache.maven.surefire.junitplatform.JUnitPlatformProvider.invokeAllTests(JUnitPlatformProvider.java:148) ~[surefire-junit-platform-3.5.2.jar:3.5.2]
	at org.apache.maven.surefire.junitplatform.JUnitPlatformProvider.invoke(JUnitPlatformProvider.java:122) ~[surefire-junit-platform-3.5.2.jar:3.5.2]
	at org.apache.maven.surefire.booter.ForkedBooter.runSuitesInProcess(ForkedBooter.java:385) ~[surefire-booter-3.5.2.jar:3.5.2]
	at org.apache.maven.surefire.booter.ForkedBooter.execute(ForkedBooter.java:162) ~[surefire-booter-3.5.2.jar:3.5.2]
	at org.apache.maven.surefire.booter.ForkedBooter.run(ForkedBooter.java:507) ~[surefire-booter-3.5.2.jar:3.5.2]
	at org.apache.maven.surefire.booter.ForkedBooter.main(ForkedBooter.java:495) ~[surefire-booter-3.5.2.jar:3.5.2]

2026-07-12T20:10:40.799-04:00  INFO 18532 --- [ms-carrito] [main] t.c.s.AnnotationConfigContextLoaderUtils : Could not detect default configuration classes for test class [com.example.ms_carrito.MsCarritoApplicationTests]: MsCarritoApplicationTests does not declare any static, non-private, non-final, nested classes annotated with @Configuration.
2026-07-12T20:10:40.823-04:00  INFO 18532 --- [ms-carrito] [main] .b.t.c.SpringBootTestContextBootstrapper : Found @SpringBootConfiguration com.example.ms_carrito.MsCarritoApplication for test class com.example.ms_carrito.MsCarritoApplicationTests
2026-07-12T20:10:41.916-04:00  INFO 18532 --- [ms-carrito] [main] c.e.m.MsCarritoApplicationTests          : Starting MsCarritoApplicationTests using Java 21.0.8 with PID 18532 (started by Usuario in C:\Users\Usuario\Desktop\Prueba_2_final-main_jacoco_completo\ms-carrito)
2026-07-12T20:10:41.916-04:00 DEBUG 18532 --- [ms-carrito] [main] c.e.m.MsCarritoApplicationTests          : Running with Spring Boot v3.4.4, Spring v6.2.5
2026-07-12T20:10:41.916-04:00  INFO 18532 --- [ms-carrito] [main] c.e.m.MsCarritoApplicationTests          : The following 1 profile is active: "test"
2026-07-12T20:10:42.628-04:00  INFO 18532 --- [ms-carrito] [main] .s.d.r.c.RepositoryConfigurationDelegate : Bootstrapping Spring Data JPA repositories in DEFAULT mode.
2026-07-12T20:10:42.741-04:00  INFO 18532 --- [ms-carrito] [main] .s.d.r.c.RepositoryConfigurationDelegate : Finished Spring Data repository scanning in 92 ms. Found 1 JPA repository interface.
2026-07-12T20:10:43.029-04:00  INFO 18532 --- [ms-carrito] [main] o.s.cloud.context.scope.GenericScope     : BeanFactory id=204ac420-8a9c-3231-8191-ed3a6efb4a20
2026-07-12T20:10:43.379-04:00  INFO 18532 --- [ms-carrito] [main] o.hibernate.jpa.internal.util.LogHelper  : HHH000204: Processing PersistenceUnitInfo [name: default]
2026-07-12T20:10:43.477-04:00  INFO 18532 --- [ms-carrito] [main] org.hibernate.Version                    : HHH000412: Hibernate ORM core version 6.6.11.Final
2026-07-12T20:10:43.641-04:00  INFO 18532 --- [ms-carrito] [main] o.h.c.internal.RegionFactoryInitiator    : HHH000026: Second-level cache disabled
2026-07-12T20:10:44.153-04:00  INFO 18532 --- [ms-carrito] [main] o.s.o.j.p.SpringPersistenceUnitInfo      : No LoadTimeWeaver setup: ignoring JPA class transformer
2026-07-12T20:10:44.392-04:00  INFO 18532 --- [ms-carrito] [main] com.zaxxer.hikari.HikariDataSource       : HikariPool-1 - Starting...
2026-07-12T20:10:45.005-04:00  INFO 18532 --- [ms-carrito] [main] com.zaxxer.hikari.pool.HikariPool        : HikariPool-1 - Added connection conn0: url=jdbc:h2:mem:testdb user=SA
2026-07-12T20:10:45.008-04:00  INFO 18532 --- [ms-carrito] [main] com.zaxxer.hikari.HikariDataSource       : HikariPool-1 - Start completed.
2026-07-12T20:10:45.146-04:00  INFO 18532 --- [ms-carrito] [main] org.hibernate.orm.connections.pooling    : HHH10001005: Database info:
	Database JDBC URL [Connecting through datasource 'HikariDataSource (HikariPool-1)']
	Database driver: undefined/unknown
	Database version: 2.3.232
	Autocommit mode: undefined/unknown
	Isolation level: undefined/unknown
	Minimum pool size: undefined/unknown
	Maximum pool size: undefined/unknown
2026-07-12T20:10:47.005-04:00  INFO 18532 --- [ms-carrito] [main] o.h.e.t.j.p.i.JtaPlatformInitiator       : HHH000489: No JTA platform available (set 'hibernate.transaction.jta.platform' to enable JTA platform integration)
2026-07-12T20:10:47.110-04:00  INFO 18532 --- [ms-carrito] [main] j.LocalContainerEntityManagerFactoryBean : Initialized JPA EntityManagerFactory for persistence unit 'default'
2026-07-12T20:10:48.085-04:00  WARN 18532 --- [ms-carrito] [main] JpaBaseConfiguration$JpaWebConfiguration : spring.jpa.open-in-view is enabled by default. Therefore, database queries may be performed during view rendering. Explicitly configure spring.jpa.open-in-view to disable this warning
2026-07-12T20:10:48.205-04:00  INFO 18532 --- [ms-carrito] [main] r$InitializeUserDetailsManagerConfigurer : Global AuthenticationManager configured with UserDetailsService bean with name customUserDetailsService
2026-07-12T20:10:49.875-04:00  INFO 18532 --- [ms-carrito] [main] o.s.cloud.commons.util.InetUtils         : Cannot determine local hostname
2026-07-12T20:10:49.885-04:00  INFO 18532 --- [ms-carrito] [main] DiscoveryClientOptionalArgsConfiguration : Eureka HTTP Client uses RestTemplate.
2026-07-12T20:10:49.939-04:00  WARN 18532 --- [ms-carrito] [main] iguration$LoadBalancerCaffeineWarnLogger : Spring Cloud LoadBalancer is currently working with the default cache. While this cache implementation is useful for development and tests, it's recommended to use Caffeine cache in production.You can switch to using Caffeine cache, by adding it and org.springframework.cache.caffeine.CaffeineCacheManager to the classpath.
2026-07-12T20:10:49.971-04:00  INFO 18532 --- [ms-carrito] [main] c.e.m.MsCarritoApplicationTests          : Started MsCarritoApplicationTests in 9.135 seconds (process running for 25.128)
2026-07-12T20:10:50.115-04:00  WARN 18532 --- [ms-carrito] [main] c.e.ms_carrito.security.jwt.JwtService   : Error al extraer username: Invalid compact JWT string: Compact JWSs must contain exactly 2 period characters, and compact JWEs must contain exactly 4.  Found: 0
2026-07-12T20:10:50.161-04:00  WARN 18532 --- [ms-carrito] [main] c.e.ms_carrito.security.jwt.JwtService   : Token inválido: JWT expired 600155 milliseconds ago at 2026-07-13T00:00:50.000Z. Current time: 2026-07-13T00:10:50.155Z. Allowed clock skew: 0 milliseconds.
2026-07-12T20:10:50.161-04:00  WARN 18532 --- [ms-carrito] [main] c.e.ms_carrito.security.jwt.JwtService   : Error al extraer role: Invalid compact JWT string: Compact JWSs must contain exactly 2 period characters, and compact JWEs must contain exactly 4.  Found: 0
2026-07-12T20:10:50.175-04:00  WARN 18532 --- [ms-carrito] [main] c.e.ms_carrito.security.jwt.JwtService   : Token inválido: Invalid compact JWT string: Compact JWSs must contain exactly 2 period characters, and compact JWEs must contain exactly 4.  Found: 0
2026-07-12T20:10:50.615-04:00  INFO 18532 --- [ms-carrito] [SpringApplicationShutdownHook] j.LocalContainerEntityManagerFactoryBean : Closing JPA EntityManagerFactory for persistence unit 'default'
2026-07-12T20:10:50.620-04:00  INFO 18532 --- [ms-carrito] [SpringApplicationShutdownHook] com.zaxxer.hikari.HikariDataSource       : HikariPool-1 - Shutdown initiated...
2026-07-12T20:10:50.620-04:00  INFO 18532 --- [ms-carrito] [SpringApplicationShutdownHook] com.zaxxer.hikari.HikariDataSource       : HikariPool-1 - Shutdown completed.
2026-07-12T20:13:24.183-04:00  INFO 16320 --- [ms-carrito] [main] c.e.m.c.CarritoAdminControllerTest       : Starting CarritoAdminControllerTest using Java 21.0.8 with PID 16320 (started by Usuario in C:\Users\Usuario\Desktop\Prueba_2_final-main_jacoco_completo\ms-carrito)
2026-07-12T20:13:24.186-04:00 DEBUG 16320 --- [ms-carrito] [main] c.e.m.c.CarritoAdminControllerTest       : Running with Spring Boot v3.4.4, Spring v6.2.5
2026-07-12T20:13:24.186-04:00  INFO 16320 --- [ms-carrito] [main] c.e.m.c.CarritoAdminControllerTest       : No active profile set, falling back to 1 default profile: "default"
2026-07-12T20:13:28.096-04:00  WARN 16320 --- [ms-carrito] [main] r$InitializeUserDetailsManagerConfigurer : Found 2 UserDetailsService beans, with names [inMemoryUserDetailsManager, com.example.ms_carrito.service.CustomUserDetailsService#0]. Global Authentication Manager will not use a UserDetailsService for username/password login. Consider publishing a single UserDetailsService bean.
2026-07-12T20:13:29.547-04:00  WARN 16320 --- [ms-carrito] [main] .s.s.UserDetailsServiceAutoConfiguration : 

Using generated security password: ae65e194-c29b-4bd4-9479-90a23b89056e

This generated password is for development use only. Your security configuration must be updated before running your application in production.

2026-07-12T20:13:29.665-04:00 DEBUG 16320 --- [ms-carrito] [main] c.e.m.security.filter.JwtAuthFilter      : Filter 'jwtAuthFilter' configured for use
2026-07-12T20:13:29.680-04:00  INFO 16320 --- [ms-carrito] [main] o.s.b.t.m.w.SpringBootMockServletContext : Initializing Spring TestDispatcherServlet ''
2026-07-12T20:13:29.680-04:00  INFO 16320 --- [ms-carrito] [main] o.s.t.web.servlet.TestDispatcherServlet  : Initializing Servlet ''
2026-07-12T20:13:29.683-04:00  INFO 16320 --- [ms-carrito] [main] o.s.t.web.servlet.TestDispatcherServlet  : Completed initialization in 3 ms
2026-07-12T20:13:29.915-04:00  INFO 16320 --- [ms-carrito] [main] c.e.m.c.CarritoAdminControllerTest       : Started CarritoAdminControllerTest in 7.683 seconds (process running for 10.356)
2026-07-12T20:13:30.041-04:00 DEBUG 16320 --- [ms-carrito] [main] c.e.m.security.filter.JwtAuthFilter      : No se encontró token Bearer
2026-07-12T20:13:30.173-04:00  WARN 16320 --- [ms-carrito] [main] c.e.m.exception.GlobalExceptionHandler   : Acceso denegado - Permisos insuficientes
2026-07-12T20:13:30.356-04:00 DEBUG 16320 --- [ms-carrito] [main] c.e.m.security.filter.JwtAuthFilter      : No se encontró token Bearer
2026-07-12T20:13:30.358-04:00 DEBUG 16320 --- [ms-carrito] [main] c.e.m.controller.CarritoAdminController  : ADMIN - Verificando existencia de carrito para usuario: 10
2026-07-12T20:13:30.486-04:00 DEBUG 16320 --- [ms-carrito] [main] c.e.m.security.filter.JwtAuthFilter      : No se encontró token Bearer
2026-07-12T20:13:30.496-04:00  INFO 16320 --- [ms-carrito] [main] c.e.m.controller.CarritoAdminController  : ADMIN - Obteniendo carrito del usuario 10
2026-07-12T20:13:30.555-04:00 DEBUG 16320 --- [ms-carrito] [main] c.e.m.security.filter.JwtAuthFilter      : No se encontró token Bearer
2026-07-12T20:13:30.559-04:00  INFO 16320 --- [ms-carrito] [main] c.e.m.controller.CarritoAdminController  : ADMIN - Limpiando carrito del usuario 10
2026-07-12T20:13:30.596-04:00  INFO 16320 --- [ms-carrito] [main] t.c.s.AnnotationConfigContextLoaderUtils : Could not detect default configuration classes for test class [com.example.ms_carrito.controller.CarritoControllerTest]: CarritoControllerTest does not declare any static, non-private, non-final, nested classes annotated with @Configuration.
2026-07-12T20:13:30.621-04:00  INFO 16320 --- [ms-carrito] [main] .b.t.c.SpringBootTestContextBootstrapper : Found @SpringBootConfiguration com.example.ms_carrito.MsCarritoApplication for test class com.example.ms_carrito.controller.CarritoControllerTest
2026-07-12T20:13:31.735-04:00  INFO 16320 --- [ms-carrito] [main] c.e.m.controller.CarritoControllerTest   : Starting CarritoControllerTest using Java 21.0.8 with PID 16320 (started by Usuario in C:\Users\Usuario\Desktop\Prueba_2_final-main_jacoco_completo\ms-carrito)
2026-07-12T20:13:31.739-04:00 DEBUG 16320 --- [ms-carrito] [main] c.e.m.controller.CarritoControllerTest   : Running with Spring Boot v3.4.4, Spring v6.2.5
2026-07-12T20:13:31.739-04:00  INFO 16320 --- [ms-carrito] [main] c.e.m.controller.CarritoControllerTest   : No active profile set, falling back to 1 default profile: "default"
2026-07-12T20:13:32.171-04:00  WARN 16320 --- [ms-carrito] [main] r$InitializeUserDetailsManagerConfigurer : Found 2 UserDetailsService beans, with names [inMemoryUserDetailsManager, com.example.ms_carrito.service.CustomUserDetailsService#0]. Global Authentication Manager will not use a UserDetailsService for username/password login. Consider publishing a single UserDetailsService bean.
2026-07-12T20:13:32.214-04:00  WARN 16320 --- [ms-carrito] [main] .s.s.UserDetailsServiceAutoConfiguration : 

Using generated security password: 01025d67-50e8-49da-bbf2-c81367b38188

This generated password is for development use only. Your security configuration must be updated before running your application in production.

2026-07-12T20:13:32.215-04:00 DEBUG 16320 --- [ms-carrito] [main] c.e.m.security.filter.JwtAuthFilter      : Filter 'jwtAuthFilter' configured for use
2026-07-12T20:13:32.215-04:00  INFO 16320 --- [ms-carrito] [main] o.s.b.t.m.w.SpringBootMockServletContext : Initializing Spring TestDispatcherServlet ''
2026-07-12T20:13:32.215-04:00  INFO 16320 --- [ms-carrito] [main] o.s.t.web.servlet.TestDispatcherServlet  : Initializing Servlet ''
2026-07-12T20:13:32.224-04:00  INFO 16320 --- [ms-carrito] [main] o.s.t.web.servlet.TestDispatcherServlet  : Completed initialization in 9 ms
2026-07-12T20:13:32.231-04:00  INFO 16320 --- [ms-carrito] [main] c.e.m.controller.CarritoControllerTest   : Started CarritoControllerTest in 1.603 seconds (process running for 12.67)
2026-07-12T20:13:32.246-04:00 DEBUG 16320 --- [ms-carrito] [main] c.e.m.security.filter.JwtAuthFilter      : No se encontró token Bearer
2026-07-12T20:13:32.445-04:00  INFO 16320 --- [ms-carrito] [main] c.e.m.controller.CarritoController       : Agregando item al carrito del usuario: testuser, producto: 1
2026-07-12T20:13:32.627-04:00 DEBUG 16320 --- [ms-carrito] [main] c.e.m.security.filter.JwtAuthFilter      : No se encontró token Bearer
2026-07-12T20:13:32.627-04:00  INFO 16320 --- [ms-carrito] [main] c.e.m.controller.CarritoController       : Eliminando producto 1 del carrito de testuser
2026-07-12T20:13:32.643-04:00 DEBUG 16320 --- [ms-carrito] [main] c.e.m.security.filter.JwtAuthFilter      : No se encontró token Bearer
2026-07-12T20:13:32.646-04:00  INFO 16320 --- [ms-carrito] [main] c.e.m.controller.CarritoController       : Actualizando cantidad del producto 1 a 3 para usuario testuser
2026-07-12T20:13:32.659-04:00 DEBUG 16320 --- [ms-carrito] [main] c.e.m.security.filter.JwtAuthFilter      : No se encontró token Bearer
2026-07-12T20:13:32.659-04:00  INFO 16320 --- [ms-carrito] [main] c.e.m.controller.CarritoController       : Limpiando carrito del usuario: testuser
2026-07-12T20:13:32.665-04:00 DEBUG 16320 --- [ms-carrito] [main] c.e.m.security.filter.JwtAuthFilter      : No se encontró token Bearer
2026-07-12T20:13:32.665-04:00  INFO 16320 --- [ms-carrito] [main] c.e.m.controller.CarritoController       : Obteniendo carrito del usuario: testuser
2026-07-12T20:13:32.700-04:00  WARN 16320 --- [ms-carrito] [main] c.e.m.exception.GlobalExceptionHandler   : Carrito no encontrado: Carrito 1 no existe
2026-07-12T20:13:32.725-04:00 ERROR 16320 --- [ms-carrito] [main] c.e.m.exception.GlobalExceptionHandler   : Error en tiempo de ejecución: Error inesperado

java.lang.RuntimeException: Error inesperado
	at com.example.ms_carrito.exception.GlobalExceptionHandlerTest.deberiaManejarRuntimeException(GlobalExceptionHandlerTest.java:64) ~[test-classes/:na]
	at java.base/jdk.internal.reflect.DirectMethodHandleAccessor.invoke(DirectMethodHandleAccessor.java:103) ~[na:na]
	at java.base/java.lang.reflect.Method.invoke(Method.java:580) ~[na:na]
	at org.junit.platform.commons.util.ReflectionUtils.invokeMethod(ReflectionUtils.java:767) ~[junit-platform-commons-1.11.4.jar:1.11.4]
	at org.junit.jupiter.engine.execution.MethodInvocation.proceed(MethodInvocation.java:60) ~[junit-jupiter-engine-5.11.4.jar:5.11.4]
	at org.junit.jupiter.engine.execution.InvocationInterceptorChain$ValidatingInvocation.proceed(InvocationInterceptorChain.java:131) ~[junit-jupiter-engine-5.11.4.jar:5.11.4]
	at org.junit.jupiter.engine.extension.TimeoutExtension.intercept(TimeoutExtension.java:156) ~[junit-jupiter-engine-5.11.4.jar:5.11.4]
	at org.junit.jupiter.engine.extension.TimeoutExtension.interceptTestableMethod(TimeoutExtension.java:147) ~[junit-jupiter-engine-5.11.4.jar:5.11.4]
	at org.junit.jupiter.engine.extension.TimeoutExtension.interceptTestMethod(TimeoutExtension.java:86) ~[junit-jupiter-engine-5.11.4.jar:5.11.4]
	at org.junit.jupiter.engine.execution.InterceptingExecutableInvoker$ReflectiveInterceptorCall.lambda$ofVoidMethod$0(InterceptingExecutableInvoker.java:103) ~[junit-jupiter-engine-5.11.4.jar:5.11.4]
	at org.junit.jupiter.engine.execution.InterceptingExecutableInvoker.lambda$invoke$0(InterceptingExecutableInvoker.java:93) ~[junit-jupiter-engine-5.11.4.jar:5.11.4]
	at org.junit.jupiter.engine.execution.InvocationInterceptorChain$InterceptedInvocation.proceed(InvocationInterceptorChain.java:106) ~[junit-jupiter-engine-5.11.4.jar:5.11.4]
	at org.junit.jupiter.engine.execution.InvocationInterceptorChain.proceed(InvocationInterceptorChain.java:64) ~[junit-jupiter-engine-5.11.4.jar:5.11.4]
	at org.junit.jupiter.engine.execution.InvocationInterceptorChain.chainAndInvoke(InvocationInterceptorChain.java:45) ~[junit-jupiter-engine-5.11.4.jar:5.11.4]
	at org.junit.jupiter.engine.execution.InvocationInterceptorChain.invoke(InvocationInterceptorChain.java:37) ~[junit-jupiter-engine-5.11.4.jar:5.11.4]
	at org.junit.jupiter.engine.execution.InterceptingExecutableInvoker.invoke(InterceptingExecutableInvoker.java:92) ~[junit-jupiter-engine-5.11.4.jar:5.11.4]
	at org.junit.jupiter.engine.execution.InterceptingExecutableInvoker.invoke(InterceptingExecutableInvoker.java:86) ~[junit-jupiter-engine-5.11.4.jar:5.11.4]
	at org.junit.jupiter.engine.descriptor.TestMethodTestDescriptor.lambda$invokeTestMethod$8(TestMethodTestDescriptor.java:217) ~[junit-jupiter-engine-5.11.4.jar:5.11.4]
	at org.junit.platform.engine.support.hierarchical.ThrowableCollector.execute(ThrowableCollector.java:73) ~[junit-platform-engine-1.11.4.jar:1.11.4]
	at org.junit.jupiter.engine.descriptor.TestMethodTestDescriptor.invokeTestMethod(TestMethodTestDescriptor.java:213) ~[junit-jupiter-engine-5.11.4.jar:5.11.4]
	at org.junit.jupiter.engine.descriptor.TestMethodTestDescriptor.execute(TestMethodTestDescriptor.java:138) ~[junit-jupiter-engine-5.11.4.jar:5.11.4]
	at org.junit.jupiter.engine.descriptor.TestMethodTestDescriptor.execute(TestMethodTestDescriptor.java:68) ~[junit-jupiter-engine-5.11.4.jar:5.11.4]
	at org.junit.platform.engine.support.hierarchical.NodeTestTask.lambda$executeRecursively$6(NodeTestTask.java:156) ~[junit-platform-engine-1.11.4.jar:1.11.4]
	at org.junit.platform.engine.support.hierarchical.ThrowableCollector.execute(ThrowableCollector.java:73) ~[junit-platform-engine-1.11.4.jar:1.11.4]
	at org.junit.platform.engine.support.hierarchical.NodeTestTask.lambda$executeRecursively$8(NodeTestTask.java:146) ~[junit-platform-engine-1.11.4.jar:1.11.4]
	at org.junit.platform.engine.support.hierarchical.Node.around(Node.java:137) ~[junit-platform-engine-1.11.4.jar:1.11.4]
	at org.junit.platform.engine.support.hierarchical.NodeTestTask.lambda$executeRecursively$9(NodeTestTask.java:144) ~[junit-platform-engine-1.11.4.jar:1.11.4]
	at org.junit.platform.engine.support.hierarchical.ThrowableCollector.execute(ThrowableCollector.java:73) ~[junit-platform-engine-1.11.4.jar:1.11.4]
	at org.junit.platform.engine.support.hierarchical.NodeTestTask.executeRecursively(NodeTestTask.java:143) ~[junit-platform-engine-1.11.4.jar:1.11.4]
	at org.junit.platform.engine.support.hierarchical.NodeTestTask.execute(NodeTestTask.java:100) ~[junit-platform-engine-1.11.4.jar:1.11.4]
	at java.base/java.util.ArrayList.forEach(ArrayList.java:1596) ~[na:na]
	at org.junit.platform.engine.support.hierarchical.SameThreadHierarchicalTestExecutorService.invokeAll(SameThreadHierarchicalTestExecutorService.java:41) ~[junit-platform-engine-1.11.4.jar:1.11.4]
	at org.junit.platform.engine.support.hierarchical.NodeTestTask.lambda$executeRecursively$6(NodeTestTask.java:160) ~[junit-platform-engine-1.11.4.jar:1.11.4]
	at org.junit.platform.engine.support.hierarchical.ThrowableCollector.execute(ThrowableCollector.java:73) ~[junit-platform-engine-1.11.4.jar:1.11.4]
	at org.junit.platform.engine.support.hierarchical.NodeTestTask.lambda$executeRecursively$8(NodeTestTask.java:146) ~[junit-platform-engine-1.11.4.jar:1.11.4]
	at org.junit.platform.engine.support.hierarchical.Node.around(Node.java:137) ~[junit-platform-engine-1.11.4.jar:1.11.4]
	at org.junit.platform.engine.support.hierarchical.NodeTestTask.lambda$executeRecursively$9(NodeTestTask.java:144) ~[junit-platform-engine-1.11.4.jar:1.11.4]
	at org.junit.platform.engine.support.hierarchical.ThrowableCollector.execute(ThrowableCollector.java:73) ~[junit-platform-engine-1.11.4.jar:1.11.4]
	at org.junit.platform.engine.support.hierarchical.NodeTestTask.executeRecursively(NodeTestTask.java:143) ~[junit-platform-engine-1.11.4.jar:1.11.4]
	at org.junit.platform.engine.support.hierarchical.NodeTestTask.execute(NodeTestTask.java:100) ~[junit-platform-engine-1.11.4.jar:1.11.4]
	at java.base/java.util.ArrayList.forEach(ArrayList.java:1596) ~[na:na]
	at org.junit.platform.engine.support.hierarchical.SameThreadHierarchicalTestExecutorService.invokeAll(SameThreadHierarchicalTestExecutorService.java:41) ~[junit-platform-engine-1.11.4.jar:1.11.4]
	at org.junit.platform.engine.support.hierarchical.NodeTestTask.lambda$executeRecursively$6(NodeTestTask.java:160) ~[junit-platform-engine-1.11.4.jar:1.11.4]
	at org.junit.platform.engine.support.hierarchical.ThrowableCollector.execute(ThrowableCollector.java:73) ~[junit-platform-engine-1.11.4.jar:1.11.4]
	at org.junit.platform.engine.support.hierarchical.NodeTestTask.lambda$executeRecursively$8(NodeTestTask.java:146) ~[junit-platform-engine-1.11.4.jar:1.11.4]
	at org.junit.platform.engine.support.hierarchical.Node.around(Node.java:137) ~[junit-platform-engine-1.11.4.jar:1.11.4]
	at org.junit.platform.engine.support.hierarchical.NodeTestTask.lambda$executeRecursively$9(NodeTestTask.java:144) ~[junit-platform-engine-1.11.4.jar:1.11.4]
	at org.junit.platform.engine.support.hierarchical.ThrowableCollector.execute(ThrowableCollector.java:73) ~[junit-platform-engine-1.11.4.jar:1.11.4]
	at org.junit.platform.engine.support.hierarchical.NodeTestTask.executeRecursively(NodeTestTask.java:143) ~[junit-platform-engine-1.11.4.jar:1.11.4]
	at org.junit.platform.engine.support.hierarchical.NodeTestTask.execute(NodeTestTask.java:100) ~[junit-platform-engine-1.11.4.jar:1.11.4]
	at org.junit.platform.engine.support.hierarchical.SameThreadHierarchicalTestExecutorService.submit(SameThreadHierarchicalTestExecutorService.java:35) ~[junit-platform-engine-1.11.4.jar:1.11.4]
	at org.junit.platform.engine.support.hierarchical.HierarchicalTestExecutor.execute(HierarchicalTestExecutor.java:57) ~[junit-platform-engine-1.11.4.jar:1.11.4]
	at org.junit.platform.engine.support.hierarchical.HierarchicalTestEngine.execute(HierarchicalTestEngine.java:54) ~[junit-platform-engine-1.11.4.jar:1.11.4]
	at org.junit.platform.launcher.core.EngineExecutionOrchestrator.execute(EngineExecutionOrchestrator.java:198) ~[junit-platform-launcher-1.11.4.jar:1.11.4]
	at org.junit.platform.launcher.core.EngineExecutionOrchestrator.execute(EngineExecutionOrchestrator.java:169) ~[junit-platform-launcher-1.11.4.jar:1.11.4]
	at org.junit.platform.launcher.core.EngineExecutionOrchestrator.execute(EngineExecutionOrchestrator.java:93) ~[junit-platform-launcher-1.11.4.jar:1.11.4]
	at org.junit.platform.launcher.core.EngineExecutionOrchestrator.lambda$execute$0(EngineExecutionOrchestrator.java:58) ~[junit-platform-launcher-1.11.4.jar:1.11.4]
	at org.junit.platform.launcher.core.EngineExecutionOrchestrator.withInterceptedStreams(EngineExecutionOrchestrator.java:141) ~[junit-platform-launcher-1.11.4.jar:1.11.4]
	at org.junit.platform.launcher.core.EngineExecutionOrchestrator.execute(EngineExecutionOrchestrator.java:57) ~[junit-platform-launcher-1.11.4.jar:1.11.4]
	at org.junit.platform.launcher.core.DefaultLauncher.execute(DefaultLauncher.java:103) ~[junit-platform-launcher-1.11.4.jar:1.11.4]
	at org.junit.platform.launcher.core.DefaultLauncher.execute(DefaultLauncher.java:85) ~[junit-platform-launcher-1.11.4.jar:1.11.4]
	at org.junit.platform.launcher.core.DelegatingLauncher.execute(DelegatingLauncher.java:47) ~[junit-platform-launcher-1.11.4.jar:1.11.4]
	at org.apache.maven.surefire.junitplatform.LazyLauncher.execute(LazyLauncher.java:56) ~[surefire-junit-platform-3.5.2.jar:3.5.2]
	at org.apache.maven.surefire.junitplatform.JUnitPlatformProvider.execute(JUnitPlatformProvider.java:184) ~[surefire-junit-platform-3.5.2.jar:3.5.2]
	at org.apache.maven.surefire.junitplatform.JUnitPlatformProvider.invokeAllTests(JUnitPlatformProvider.java:148) ~[surefire-junit-platform-3.5.2.jar:3.5.2]
	at org.apache.maven.surefire.junitplatform.JUnitPlatformProvider.invoke(JUnitPlatformProvider.java:122) ~[surefire-junit-platform-3.5.2.jar:3.5.2]
	at org.apache.maven.surefire.booter.ForkedBooter.runSuitesInProcess(ForkedBooter.java:385) ~[surefire-booter-3.5.2.jar:3.5.2]
	at org.apache.maven.surefire.booter.ForkedBooter.execute(ForkedBooter.java:162) ~[surefire-booter-3.5.2.jar:3.5.2]
	at org.apache.maven.surefire.booter.ForkedBooter.run(ForkedBooter.java:507) ~[surefire-booter-3.5.2.jar:3.5.2]
	at org.apache.maven.surefire.booter.ForkedBooter.main(ForkedBooter.java:495) ~[surefire-booter-3.5.2.jar:3.5.2]

2026-07-12T20:13:32.743-04:00  WARN 16320 --- [ms-carrito] [main] c.e.m.exception.GlobalExceptionHandler   : Usuario no encontrado: Usuario no existe
2026-07-12T20:13:32.751-04:00  WARN 16320 --- [ms-carrito] [main] c.e.m.exception.GlobalExceptionHandler   : Stock insuficiente: Sin stock
2026-07-12T20:13:32.757-04:00  WARN 16320 --- [ms-carrito] [main] c.e.m.exception.GlobalExceptionHandler   : Acceso denegado - Permisos insuficientes
2026-07-12T20:13:32.761-04:00  WARN 16320 --- [ms-carrito] [main] c.e.m.exception.GlobalExceptionHandler   : Argumento inválido: Argumento inválido
2026-07-12T20:13:32.771-04:00  WARN 16320 --- [ms-carrito] [main] c.e.m.exception.GlobalExceptionHandler   : Item no encontrado: Item no existe
2026-07-12T20:13:32.775-04:00  WARN 16320 --- [ms-carrito] [main] c.e.m.exception.GlobalExceptionHandler   : Producto no encontrado: Producto no existe
2026-07-12T20:13:33.199-04:00  WARN 16320 --- [ms-carrito] [main] c.e.m.exception.GlobalExceptionHandler   : Error de validación - Campos inválidos: []
2026-07-12T20:13:33.200-04:00 ERROR 16320 --- [ms-carrito] [main] c.e.m.exception.GlobalExceptionHandler   : Error inesperado: Error genérico

java.lang.Exception: Error genérico
	at com.example.ms_carrito.exception.GlobalExceptionHandlerTest.deberiaManejarGenericException(GlobalExceptionHandlerTest.java:70) ~[test-classes/:na]
	at java.base/jdk.internal.reflect.DirectMethodHandleAccessor.invoke(DirectMethodHandleAccessor.java:103) ~[na:na]
	at java.base/java.lang.reflect.Method.invoke(Method.java:580) ~[na:na]
	at org.junit.platform.commons.util.ReflectionUtils.invokeMethod(ReflectionUtils.java:767) ~[junit-platform-commons-1.11.4.jar:1.11.4]
	at org.junit.jupiter.engine.execution.MethodInvocation.proceed(MethodInvocation.java:60) ~[junit-jupiter-engine-5.11.4.jar:5.11.4]
	at org.junit.jupiter.engine.execution.InvocationInterceptorChain$ValidatingInvocation.proceed(InvocationInterceptorChain.java:131) ~[junit-jupiter-engine-5.11.4.jar:5.11.4]
	at org.junit.jupiter.engine.extension.TimeoutExtension.intercept(TimeoutExtension.java:156) ~[junit-jupiter-engine-5.11.4.jar:5.11.4]
	at org.junit.jupiter.engine.extension.TimeoutExtension.interceptTestableMethod(TimeoutExtension.java:147) ~[junit-jupiter-engine-5.11.4.jar:5.11.4]
	at org.junit.jupiter.engine.extension.TimeoutExtension.interceptTestMethod(TimeoutExtension.java:86) ~[junit-jupiter-engine-5.11.4.jar:5.11.4]
	at org.junit.jupiter.engine.execution.InterceptingExecutableInvoker$ReflectiveInterceptorCall.lambda$ofVoidMethod$0(InterceptingExecutableInvoker.java:103) ~[junit-jupiter-engine-5.11.4.jar:5.11.4]
	at org.junit.jupiter.engine.execution.InterceptingExecutableInvoker.lambda$invoke$0(InterceptingExecutableInvoker.java:93) ~[junit-jupiter-engine-5.11.4.jar:5.11.4]
	at org.junit.jupiter.engine.execution.InvocationInterceptorChain$InterceptedInvocation.proceed(InvocationInterceptorChain.java:106) ~[junit-jupiter-engine-5.11.4.jar:5.11.4]
	at org.junit.jupiter.engine.execution.InvocationInterceptorChain.proceed(InvocationInterceptorChain.java:64) ~[junit-jupiter-engine-5.11.4.jar:5.11.4]
	at org.junit.jupiter.engine.execution.InvocationInterceptorChain.chainAndInvoke(InvocationInterceptorChain.java:45) ~[junit-jupiter-engine-5.11.4.jar:5.11.4]
	at org.junit.jupiter.engine.execution.InvocationInterceptorChain.invoke(InvocationInterceptorChain.java:37) ~[junit-jupiter-engine-5.11.4.jar:5.11.4]
	at org.junit.jupiter.engine.execution.InterceptingExecutableInvoker.invoke(InterceptingExecutableInvoker.java:92) ~[junit-jupiter-engine-5.11.4.jar:5.11.4]
	at org.junit.jupiter.engine.execution.InterceptingExecutableInvoker.invoke(InterceptingExecutableInvoker.java:86) ~[junit-jupiter-engine-5.11.4.jar:5.11.4]
	at org.junit.jupiter.engine.descriptor.TestMethodTestDescriptor.lambda$invokeTestMethod$8(TestMethodTestDescriptor.java:217) ~[junit-jupiter-engine-5.11.4.jar:5.11.4]
	at org.junit.platform.engine.support.hierarchical.ThrowableCollector.execute(ThrowableCollector.java:73) ~[junit-platform-engine-1.11.4.jar:1.11.4]
	at org.junit.jupiter.engine.descriptor.TestMethodTestDescriptor.invokeTestMethod(TestMethodTestDescriptor.java:213) ~[junit-jupiter-engine-5.11.4.jar:5.11.4]
	at org.junit.jupiter.engine.descriptor.TestMethodTestDescriptor.execute(TestMethodTestDescriptor.java:138) ~[junit-jupiter-engine-5.11.4.jar:5.11.4]
	at org.junit.jupiter.engine.descriptor.TestMethodTestDescriptor.execute(TestMethodTestDescriptor.java:68) ~[junit-jupiter-engine-5.11.4.jar:5.11.4]
	at org.junit.platform.engine.support.hierarchical.NodeTestTask.lambda$executeRecursively$6(NodeTestTask.java:156) ~[junit-platform-engine-1.11.4.jar:1.11.4]
	at org.junit.platform.engine.support.hierarchical.ThrowableCollector.execute(ThrowableCollector.java:73) ~[junit-platform-engine-1.11.4.jar:1.11.4]
	at org.junit.platform.engine.support.hierarchical.NodeTestTask.lambda$executeRecursively$8(NodeTestTask.java:146) ~[junit-platform-engine-1.11.4.jar:1.11.4]
	at org.junit.platform.engine.support.hierarchical.Node.around(Node.java:137) ~[junit-platform-engine-1.11.4.jar:1.11.4]
	at org.junit.platform.engine.support.hierarchical.NodeTestTask.lambda$executeRecursively$9(NodeTestTask.java:144) ~[junit-platform-engine-1.11.4.jar:1.11.4]
	at org.junit.platform.engine.support.hierarchical.ThrowableCollector.execute(ThrowableCollector.java:73) ~[junit-platform-engine-1.11.4.jar:1.11.4]
	at org.junit.platform.engine.support.hierarchical.NodeTestTask.executeRecursively(NodeTestTask.java:143) ~[junit-platform-engine-1.11.4.jar:1.11.4]
	at org.junit.platform.engine.support.hierarchical.NodeTestTask.execute(NodeTestTask.java:100) ~[junit-platform-engine-1.11.4.jar:1.11.4]
	at java.base/java.util.ArrayList.forEach(ArrayList.java:1596) ~[na:na]
	at org.junit.platform.engine.support.hierarchical.SameThreadHierarchicalTestExecutorService.invokeAll(SameThreadHierarchicalTestExecutorService.java:41) ~[junit-platform-engine-1.11.4.jar:1.11.4]
	at org.junit.platform.engine.support.hierarchical.NodeTestTask.lambda$executeRecursively$6(NodeTestTask.java:160) ~[junit-platform-engine-1.11.4.jar:1.11.4]
	at org.junit.platform.engine.support.hierarchical.ThrowableCollector.execute(ThrowableCollector.java:73) ~[junit-platform-engine-1.11.4.jar:1.11.4]
	at org.junit.platform.engine.support.hierarchical.NodeTestTask.lambda$executeRecursively$8(NodeTestTask.java:146) ~[junit-platform-engine-1.11.4.jar:1.11.4]
	at org.junit.platform.engine.support.hierarchical.Node.around(Node.java:137) ~[junit-platform-engine-1.11.4.jar:1.11.4]
	at org.junit.platform.engine.support.hierarchical.NodeTestTask.lambda$executeRecursively$9(NodeTestTask.java:144) ~[junit-platform-engine-1.11.4.jar:1.11.4]
	at org.junit.platform.engine.support.hierarchical.ThrowableCollector.execute(ThrowableCollector.java:73) ~[junit-platform-engine-1.11.4.jar:1.11.4]
	at org.junit.platform.engine.support.hierarchical.NodeTestTask.executeRecursively(NodeTestTask.java:143) ~[junit-platform-engine-1.11.4.jar:1.11.4]
	at org.junit.platform.engine.support.hierarchical.NodeTestTask.execute(NodeTestTask.java:100) ~[junit-platform-engine-1.11.4.jar:1.11.4]
	at java.base/java.util.ArrayList.forEach(ArrayList.java:1596) ~[na:na]
	at org.junit.platform.engine.support.hierarchical.SameThreadHierarchicalTestExecutorService.invokeAll(SameThreadHierarchicalTestExecutorService.java:41) ~[junit-platform-engine-1.11.4.jar:1.11.4]
	at org.junit.platform.engine.support.hierarchical.NodeTestTask.lambda$executeRecursively$6(NodeTestTask.java:160) ~[junit-platform-engine-1.11.4.jar:1.11.4]
	at org.junit.platform.engine.support.hierarchical.ThrowableCollector.execute(ThrowableCollector.java:73) ~[junit-platform-engine-1.11.4.jar:1.11.4]
	at org.junit.platform.engine.support.hierarchical.NodeTestTask.lambda$executeRecursively$8(NodeTestTask.java:146) ~[junit-platform-engine-1.11.4.jar:1.11.4]
	at org.junit.platform.engine.support.hierarchical.Node.around(Node.java:137) ~[junit-platform-engine-1.11.4.jar:1.11.4]
	at org.junit.platform.engine.support.hierarchical.NodeTestTask.lambda$executeRecursively$9(NodeTestTask.java:144) ~[junit-platform-engine-1.11.4.jar:1.11.4]
	at org.junit.platform.engine.support.hierarchical.ThrowableCollector.execute(ThrowableCollector.java:73) ~[junit-platform-engine-1.11.4.jar:1.11.4]
	at org.junit.platform.engine.support.hierarchical.NodeTestTask.executeRecursively(NodeTestTask.java:143) ~[junit-platform-engine-1.11.4.jar:1.11.4]
	at org.junit.platform.engine.support.hierarchical.NodeTestTask.execute(NodeTestTask.java:100) ~[junit-platform-engine-1.11.4.jar:1.11.4]
	at org.junit.platform.engine.support.hierarchical.SameThreadHierarchicalTestExecutorService.submit(SameThreadHierarchicalTestExecutorService.java:35) ~[junit-platform-engine-1.11.4.jar:1.11.4]
	at org.junit.platform.engine.support.hierarchical.HierarchicalTestExecutor.execute(HierarchicalTestExecutor.java:57) ~[junit-platform-engine-1.11.4.jar:1.11.4]
	at org.junit.platform.engine.support.hierarchical.HierarchicalTestEngine.execute(HierarchicalTestEngine.java:54) ~[junit-platform-engine-1.11.4.jar:1.11.4]
	at org.junit.platform.launcher.core.EngineExecutionOrchestrator.execute(EngineExecutionOrchestrator.java:198) ~[junit-platform-launcher-1.11.4.jar:1.11.4]
	at org.junit.platform.launcher.core.EngineExecutionOrchestrator.execute(EngineExecutionOrchestrator.java:169) ~[junit-platform-launcher-1.11.4.jar:1.11.4]
	at org.junit.platform.launcher.core.EngineExecutionOrchestrator.execute(EngineExecutionOrchestrator.java:93) ~[junit-platform-launcher-1.11.4.jar:1.11.4]
	at org.junit.platform.launcher.core.EngineExecutionOrchestrator.lambda$execute$0(EngineExecutionOrchestrator.java:58) ~[junit-platform-launcher-1.11.4.jar:1.11.4]
	at org.junit.platform.launcher.core.EngineExecutionOrchestrator.withInterceptedStreams(EngineExecutionOrchestrator.java:141) ~[junit-platform-launcher-1.11.4.jar:1.11.4]
	at org.junit.platform.launcher.core.EngineExecutionOrchestrator.execute(EngineExecutionOrchestrator.java:57) ~[junit-platform-launcher-1.11.4.jar:1.11.4]
	at org.junit.platform.launcher.core.DefaultLauncher.execute(DefaultLauncher.java:103) ~[junit-platform-launcher-1.11.4.jar:1.11.4]
	at org.junit.platform.launcher.core.DefaultLauncher.execute(DefaultLauncher.java:85) ~[junit-platform-launcher-1.11.4.jar:1.11.4]
	at org.junit.platform.launcher.core.DelegatingLauncher.execute(DelegatingLauncher.java:47) ~[junit-platform-launcher-1.11.4.jar:1.11.4]
	at org.apache.maven.surefire.junitplatform.LazyLauncher.execute(LazyLauncher.java:56) ~[surefire-junit-platform-3.5.2.jar:3.5.2]
	at org.apache.maven.surefire.junitplatform.JUnitPlatformProvider.execute(JUnitPlatformProvider.java:184) ~[surefire-junit-platform-3.5.2.jar:3.5.2]
	at org.apache.maven.surefire.junitplatform.JUnitPlatformProvider.invokeAllTests(JUnitPlatformProvider.java:148) ~[surefire-junit-platform-3.5.2.jar:3.5.2]
	at org.apache.maven.surefire.junitplatform.JUnitPlatformProvider.invoke(JUnitPlatformProvider.java:122) ~[surefire-junit-platform-3.5.2.jar:3.5.2]
	at org.apache.maven.surefire.booter.ForkedBooter.runSuitesInProcess(ForkedBooter.java:385) ~[surefire-booter-3.5.2.jar:3.5.2]
	at org.apache.maven.surefire.booter.ForkedBooter.execute(ForkedBooter.java:162) ~[surefire-booter-3.5.2.jar:3.5.2]
	at org.apache.maven.surefire.booter.ForkedBooter.run(ForkedBooter.java:507) ~[surefire-booter-3.5.2.jar:3.5.2]
	at org.apache.maven.surefire.booter.ForkedBooter.main(ForkedBooter.java:495) ~[surefire-booter-3.5.2.jar:3.5.2]

2026-07-12T20:13:33.209-04:00  INFO 16320 --- [ms-carrito] [main] t.c.s.AnnotationConfigContextLoaderUtils : Could not detect default configuration classes for test class [com.example.ms_carrito.MsCarritoApplicationTests]: MsCarritoApplicationTests does not declare any static, non-private, non-final, nested classes annotated with @Configuration.
2026-07-12T20:13:33.232-04:00  INFO 16320 --- [ms-carrito] [main] .b.t.c.SpringBootTestContextBootstrapper : Found @SpringBootConfiguration com.example.ms_carrito.MsCarritoApplication for test class com.example.ms_carrito.MsCarritoApplicationTests
2026-07-12T20:13:34.312-04:00  INFO 16320 --- [ms-carrito] [main] c.e.m.MsCarritoApplicationTests          : Starting MsCarritoApplicationTests using Java 21.0.8 with PID 16320 (started by Usuario in C:\Users\Usuario\Desktop\Prueba_2_final-main_jacoco_completo\ms-carrito)
2026-07-12T20:13:34.312-04:00 DEBUG 16320 --- [ms-carrito] [main] c.e.m.MsCarritoApplicationTests          : Running with Spring Boot v3.4.4, Spring v6.2.5
2026-07-12T20:13:34.315-04:00  INFO 16320 --- [ms-carrito] [main] c.e.m.MsCarritoApplicationTests          : The following 1 profile is active: "test"
2026-07-12T20:13:34.995-04:00  INFO 16320 --- [ms-carrito] [main] .s.d.r.c.RepositoryConfigurationDelegate : Bootstrapping Spring Data JPA repositories in DEFAULT mode.
2026-07-12T20:13:35.087-04:00  INFO 16320 --- [ms-carrito] [main] .s.d.r.c.RepositoryConfigurationDelegate : Finished Spring Data repository scanning in 75 ms. Found 1 JPA repository interface.
2026-07-12T20:13:35.335-04:00  INFO 16320 --- [ms-carrito] [main] o.s.cloud.context.scope.GenericScope     : BeanFactory id=204ac420-8a9c-3231-8191-ed3a6efb4a20
2026-07-12T20:13:35.645-04:00  INFO 16320 --- [ms-carrito] [main] o.hibernate.jpa.internal.util.LogHelper  : HHH000204: Processing PersistenceUnitInfo [name: default]
2026-07-12T20:13:35.741-04:00  INFO 16320 --- [ms-carrito] [main] org.hibernate.Version                    : HHH000412: Hibernate ORM core version 6.6.11.Final
2026-07-12T20:13:35.800-04:00  INFO 16320 --- [ms-carrito] [main] o.h.c.internal.RegionFactoryInitiator    : HHH000026: Second-level cache disabled
2026-07-12T20:13:36.075-04:00  INFO 16320 --- [ms-carrito] [main] o.s.o.j.p.SpringPersistenceUnitInfo      : No LoadTimeWeaver setup: ignoring JPA class transformer
2026-07-12T20:13:36.142-04:00  INFO 16320 --- [ms-carrito] [main] com.zaxxer.hikari.HikariDataSource       : HikariPool-1 - Starting...
2026-07-12T20:13:36.548-04:00  INFO 16320 --- [ms-carrito] [main] com.zaxxer.hikari.pool.HikariPool        : HikariPool-1 - Added connection conn0: url=jdbc:h2:mem:testdb user=SA
2026-07-12T20:13:36.548-04:00  INFO 16320 --- [ms-carrito] [main] com.zaxxer.hikari.HikariDataSource       : HikariPool-1 - Start completed.
2026-07-12T20:13:36.680-04:00  INFO 16320 --- [ms-carrito] [main] org.hibernate.orm.connections.pooling    : HHH10001005: Database info:
	Database JDBC URL [Connecting through datasource 'HikariDataSource (HikariPool-1)']
	Database driver: undefined/unknown
	Database version: 2.3.232
	Autocommit mode: undefined/unknown
	Isolation level: undefined/unknown
	Minimum pool size: undefined/unknown
	Maximum pool size: undefined/unknown
2026-07-12T20:13:38.000-04:00  INFO 16320 --- [ms-carrito] [main] o.h.e.t.j.p.i.JtaPlatformInitiator       : HHH000489: No JTA platform available (set 'hibernate.transaction.jta.platform' to enable JTA platform integration)
2026-07-12T20:13:38.085-04:00  INFO 16320 --- [ms-carrito] [main] j.LocalContainerEntityManagerFactoryBean : Initialized JPA EntityManagerFactory for persistence unit 'default'
2026-07-12T20:13:38.825-04:00  WARN 16320 --- [ms-carrito] [main] JpaBaseConfiguration$JpaWebConfiguration : spring.jpa.open-in-view is enabled by default. Therefore, database queries may be performed during view rendering. Explicitly configure spring.jpa.open-in-view to disable this warning
2026-07-12T20:13:38.915-04:00  INFO 16320 --- [ms-carrito] [main] r$InitializeUserDetailsManagerConfigurer : Global AuthenticationManager configured with UserDetailsService bean with name customUserDetailsService
2026-07-12T20:13:40.534-04:00  INFO 16320 --- [ms-carrito] [main] o.s.cloud.commons.util.InetUtils         : Cannot determine local hostname
2026-07-12T20:13:40.540-04:00  INFO 16320 --- [ms-carrito] [main] DiscoveryClientOptionalArgsConfiguration : Eureka HTTP Client uses RestTemplate.
2026-07-12T20:13:40.592-04:00  WARN 16320 --- [ms-carrito] [main] iguration$LoadBalancerCaffeineWarnLogger : Spring Cloud LoadBalancer is currently working with the default cache. While this cache implementation is useful for development and tests, it's recommended to use Caffeine cache in production.You can switch to using Caffeine cache, by adding it and org.springframework.cache.caffeine.CaffeineCacheManager to the classpath.
2026-07-12T20:13:40.607-04:00  INFO 16320 --- [ms-carrito] [main] c.e.m.MsCarritoApplicationTests          : Started MsCarritoApplicationTests in 7.362 seconds (process running for 21.051)
2026-07-12T20:13:40.875-04:00 DEBUG 16320 --- [ms-carrito] [main] c.e.m.security.filter.JwtAuthFilter      : No se encontró token Bearer
2026-07-12T20:13:40.885-04:00 ERROR 16320 --- [ms-carrito] [main] c.e.m.security.filter.JwtAuthFilter      : Error procesando token JWT: Error de parseo
2026-07-12T20:13:40.889-04:00  WARN 16320 --- [ms-carrito] [main] c.e.m.security.filter.JwtAuthFilter      : Token inválido o expirado
2026-07-12T20:13:40.892-04:00 DEBUG 16320 --- [ms-carrito] [main] c.e.m.security.filter.JwtAuthFilter      : No se encontró token Bearer
2026-07-12T20:13:40.899-04:00  INFO 16320 --- [ms-carrito] [main] c.e.m.security.filter.JwtAuthFilter      : Usuario autenticado: testuser con rol USER
2026-07-12T20:13:41.045-04:00  WARN 16320 --- [ms-carrito] [main] c.e.ms_carrito.security.jwt.JwtService   : Error al extraer username: Invalid compact JWT string: Compact JWSs must contain exactly 2 period characters, and compact JWEs must contain exactly 4.  Found: 0
2026-07-12T20:13:41.085-04:00  WARN 16320 --- [ms-carrito] [main] c.e.ms_carrito.security.jwt.JwtService   : Token inválido: JWT expired 600077 milliseconds ago at 2026-07-13T00:03:41.000Z. Current time: 2026-07-13T00:13:41.077Z. Allowed clock skew: 0 milliseconds.
2026-07-12T20:13:41.085-04:00  WARN 16320 --- [ms-carrito] [main] c.e.ms_carrito.security.jwt.JwtService   : Error al extraer role: Invalid compact JWT string: Compact JWSs must contain exactly 2 period characters, and compact JWEs must contain exactly 4.  Found: 0
2026-07-12T20:13:41.099-04:00  WARN 16320 --- [ms-carrito] [main] c.e.ms_carrito.security.jwt.JwtService   : Token inválido: Invalid compact JWT string: Compact JWSs must contain exactly 2 period characters, and compact JWEs must contain exactly 4.  Found: 0
2026-07-12T20:13:41.345-04:00  INFO 16320 --- [ms-carrito] [main] c.e.ms_carrito.service.CarritoService    : Agregando item al carrito del usuario: testuser, producto: 1
2026-07-12T20:13:41.345-04:00  WARN 16320 --- [ms-carrito] [main] c.e.ms_carrito.service.CarritoService    : Stock insuficiente para producto Producto A: stock=1, solicitado=5
2026-07-12T20:13:41.356-04:00  INFO 16320 --- [ms-carrito] [main] c.e.ms_carrito.service.CarritoService    : Eliminando producto 99 del carrito del usuario: testuser
2026-07-12T20:13:41.356-04:00 DEBUG 16320 --- [ms-carrito] [main] c.e.ms_carrito.service.CarritoService    : Buscando carrito por usuario ID: 1
2026-07-12T20:13:41.356-04:00  WARN 16320 --- [ms-carrito] [main] c.e.ms_carrito.service.CarritoService    : Producto 99 no encontrado en el carrito del usuario testuser
2026-07-12T20:13:41.362-04:00  INFO 16320 --- [ms-carrito] [main] c.e.ms_carrito.service.CarritoService    : Agregando item al carrito del usuario: noexiste, producto: 1
2026-07-12T20:13:41.362-04:00  WARN 16320 --- [ms-carrito] [main] c.e.ms_carrito.service.CarritoService    : Usuario no existe: noexiste
2026-07-12T20:13:41.365-04:00  INFO 16320 --- [ms-carrito] [main] c.e.ms_carrito.service.CarritoService    : Limpiando carrito del usuario: testuser
2026-07-12T20:13:41.365-04:00 DEBUG 16320 --- [ms-carrito] [main] c.e.ms_carrito.service.CarritoService    : Buscando carrito por usuario ID: 1
2026-07-12T20:13:41.365-04:00  INFO 16320 --- [ms-carrito] [main] c.e.ms_carrito.service.CarritoService    : Carrito limpiado para usuario: testuser
2026-07-12T20:13:41.374-04:00  INFO 16320 --- [ms-carrito] [main] c.e.ms_carrito.service.CarritoService    : Eliminando producto 1 del carrito del usuario: testuser
2026-07-12T20:13:41.374-04:00 DEBUG 16320 --- [ms-carrito] [main] c.e.ms_carrito.service.CarritoService    : Buscando carrito por usuario ID: 1
2026-07-12T20:13:41.375-04:00 DEBUG 16320 --- [ms-carrito] [main] c.e.ms_carrito.service.CarritoService    : Producto eliminado del carrito
2026-07-12T20:13:41.375-04:00  INFO 16320 --- [ms-carrito] [main] c.e.ms_carrito.service.CarritoService    : Actualizando cantidad para producto 1 del usuario testuser a 5
2026-07-12T20:13:41.375-04:00 DEBUG 16320 --- [ms-carrito] [main] c.e.ms_carrito.service.CarritoService    : Buscando carrito por usuario ID: 1
2026-07-12T20:13:41.375-04:00 DEBUG 16320 --- [ms-carrito] [main] c.e.ms_carrito.service.CarritoService    : Cantidad actualizada a 5
2026-07-12T20:13:41.385-04:00 DEBUG 16320 --- [ms-carrito] [main] c.e.ms_carrito.service.CarritoService    : Obteniendo carrito del usuario: testuser
2026-07-12T20:13:41.385-04:00 DEBUG 16320 --- [ms-carrito] [main] c.e.ms_carrito.service.CarritoService    : Buscando carrito por usuario ID: 1
2026-07-12T20:13:41.389-04:00  INFO 16320 --- [ms-carrito] [main] c.e.ms_carrito.service.CarritoService    : Agregando item al carrito del usuario: testuser, producto: 1
2026-07-12T20:13:41.391-04:00 DEBUG 16320 --- [ms-carrito] [main] c.e.ms_carrito.service.CarritoService    : Nuevo item agregado: Producto A x 2
2026-07-12T20:13:41.391-04:00  INFO 16320 --- [ms-carrito] [main] c.e.ms_carrito.service.CarritoService    : Carrito actualizado para usuario: testuser
2026-07-12T20:13:41.397-04:00 DEBUG 16320 --- [ms-carrito] [main] c.e.ms_carrito.service.CarritoService    : Obteniendo carrito del usuario: testuser
2026-07-12T20:13:41.397-04:00 DEBUG 16320 --- [ms-carrito] [main] c.e.ms_carrito.service.CarritoService    : Buscando carrito por usuario ID: 1
2026-07-12T20:13:41.397-04:00  WARN 16320 --- [ms-carrito] [main] c.e.ms_carrito.service.CarritoService    : Carrito no encontrado para usuario ID: 1
2026-07-12T20:13:41.403-04:00 DEBUG 16320 --- [ms-carrito] [main] c.e.m.service.CustomUserDetailsService   : Cargando UserDetails para usuario: testuser
2026-07-12T20:13:41.847-04:00  INFO 16320 --- [ms-carrito] [SpringApplicationShutdownHook] j.LocalContainerEntityManagerFactoryBean : Closing JPA EntityManagerFactory for persistence unit 'default'
2026-07-12T20:13:41.847-04:00  INFO 16320 --- [ms-carrito] [SpringApplicationShutdownHook] com.zaxxer.hikari.HikariDataSource       : HikariPool-1 - Shutdown initiated...
2026-07-12T20:13:41.855-04:00  INFO 16320 --- [ms-carrito] [SpringApplicationShutdownHook] com.zaxxer.hikari.HikariDataSource       : HikariPool-1 - Shutdown completed.
2026-07-12T23:48:43.493-04:00  INFO 3244 --- [ms-carrito] [main] c.e.m.c.CarritoAdminControllerTest       : Starting CarritoAdminControllerTest using Java 21.0.8 with PID 3244 (started by Usuario in C:\Users\Usuario\Desktop\Prueba_2_final\ms-carrito)
2026-07-12T23:48:43.495-04:00 DEBUG 3244 --- [ms-carrito] [main] c.e.m.c.CarritoAdminControllerTest       : Running with Spring Boot v3.4.4, Spring v6.2.5
2026-07-12T23:48:43.496-04:00  INFO 3244 --- [ms-carrito] [main] c.e.m.c.CarritoAdminControllerTest       : No active profile set, falling back to 1 default profile: "default"
2026-07-12T23:48:45.639-04:00  WARN 3244 --- [ms-carrito] [main] r$InitializeUserDetailsManagerConfigurer : Found 2 UserDetailsService beans, with names [inMemoryUserDetailsManager, com.example.ms_carrito.service.CustomUserDetailsService#0]. Global Authentication Manager will not use a UserDetailsService for username/password login. Consider publishing a single UserDetailsService bean.
2026-07-12T23:48:46.754-04:00  WARN 3244 --- [ms-carrito] [main] .s.s.UserDetailsServiceAutoConfiguration : 

Using generated security password: 03092e77-40c8-40df-aa2f-1d473e8d1797

This generated password is for development use only. Your security configuration must be updated before running your application in production.

2026-07-12T23:48:46.844-04:00 DEBUG 3244 --- [ms-carrito] [main] c.e.m.security.filter.JwtAuthFilter      : Filter 'jwtAuthFilter' configured for use
2026-07-12T23:48:46.854-04:00  INFO 3244 --- [ms-carrito] [main] o.s.b.t.m.w.SpringBootMockServletContext : Initializing Spring TestDispatcherServlet ''
2026-07-12T23:48:46.854-04:00  INFO 3244 --- [ms-carrito] [main] o.s.t.web.servlet.TestDispatcherServlet  : Initializing Servlet ''
2026-07-12T23:48:46.856-04:00  INFO 3244 --- [ms-carrito] [main] o.s.t.web.servlet.TestDispatcherServlet  : Completed initialization in 2 ms
2026-07-12T23:48:47.054-04:00  INFO 3244 --- [ms-carrito] [main] c.e.m.c.CarritoAdminControllerTest       : Started CarritoAdminControllerTest in 5.467 seconds (process running for 12.037)
2026-07-12T23:48:47.172-04:00 DEBUG 3244 --- [ms-carrito] [main] c.e.m.security.filter.JwtAuthFilter      : No se encontró token Bearer
2026-07-12T23:48:47.303-04:00  WARN 3244 --- [ms-carrito] [main] c.e.m.exception.GlobalExceptionHandler   : Acceso denegado - Permisos insuficientes
2026-07-12T23:48:47.426-04:00 DEBUG 3244 --- [ms-carrito] [main] c.e.m.security.filter.JwtAuthFilter      : No se encontró token Bearer
2026-07-12T23:48:47.428-04:00 DEBUG 3244 --- [ms-carrito] [main] c.e.m.controller.CarritoAdminController  : ADMIN - Verificando existencia de carrito para usuario: 10
2026-07-12T23:48:47.520-04:00 DEBUG 3244 --- [ms-carrito] [main] c.e.m.security.filter.JwtAuthFilter      : No se encontró token Bearer
2026-07-12T23:48:47.521-04:00  INFO 3244 --- [ms-carrito] [main] c.e.m.controller.CarritoAdminController  : ADMIN - Obteniendo carrito del usuario 10
2026-07-12T23:48:47.582-04:00 DEBUG 3244 --- [ms-carrito] [main] c.e.m.security.filter.JwtAuthFilter      : No se encontró token Bearer
2026-07-12T23:48:47.586-04:00  INFO 3244 --- [ms-carrito] [main] c.e.m.controller.CarritoAdminController  : ADMIN - Limpiando carrito del usuario 10
2026-07-12T23:48:47.619-04:00  INFO 3244 --- [ms-carrito] [main] t.c.s.AnnotationConfigContextLoaderUtils : Could not detect default configuration classes for test class [com.example.ms_carrito.controller.CarritoControllerTest]: CarritoControllerTest does not declare any static, non-private, non-final, nested classes annotated with @Configuration.
2026-07-12T23:48:47.650-04:00  INFO 3244 --- [ms-carrito] [main] .b.t.c.SpringBootTestContextBootstrapper : Found @SpringBootConfiguration com.example.ms_carrito.MsCarritoApplication for test class com.example.ms_carrito.controller.CarritoControllerTest
2026-07-12T23:48:48.727-04:00  INFO 3244 --- [ms-carrito] [main] c.e.m.controller.CarritoControllerTest   : Starting CarritoControllerTest using Java 21.0.8 with PID 3244 (started by Usuario in C:\Users\Usuario\Desktop\Prueba_2_final\ms-carrito)
2026-07-12T23:48:48.728-04:00 DEBUG 3244 --- [ms-carrito] [main] c.e.m.controller.CarritoControllerTest   : Running with Spring Boot v3.4.4, Spring v6.2.5
2026-07-12T23:48:48.728-04:00  INFO 3244 --- [ms-carrito] [main] c.e.m.controller.CarritoControllerTest   : No active profile set, falling back to 1 default profile: "default"
2026-07-12T23:48:49.095-04:00  WARN 3244 --- [ms-carrito] [main] r$InitializeUserDetailsManagerConfigurer : Found 2 UserDetailsService beans, with names [inMemoryUserDetailsManager, com.example.ms_carrito.service.CustomUserDetailsService#0]. Global Authentication Manager will not use a UserDetailsService for username/password login. Consider publishing a single UserDetailsService bean.
2026-07-12T23:48:49.134-04:00  WARN 3244 --- [ms-carrito] [main] .s.s.UserDetailsServiceAutoConfiguration : 

Using generated security password: cbd6cd42-3e0f-4304-a60b-f35b79335e2c

This generated password is for development use only. Your security configuration must be updated before running your application in production.

2026-07-12T23:48:49.140-04:00 DEBUG 3244 --- [ms-carrito] [main] c.e.m.security.filter.JwtAuthFilter      : Filter 'jwtAuthFilter' configured for use
2026-07-12T23:48:49.140-04:00  INFO 3244 --- [ms-carrito] [main] o.s.b.t.m.w.SpringBootMockServletContext : Initializing Spring TestDispatcherServlet ''
2026-07-12T23:48:49.140-04:00  INFO 3244 --- [ms-carrito] [main] o.s.t.web.servlet.TestDispatcherServlet  : Initializing Servlet ''
2026-07-12T23:48:49.141-04:00  INFO 3244 --- [ms-carrito] [main] o.s.t.web.servlet.TestDispatcherServlet  : Completed initialization in 1 ms
2026-07-12T23:48:49.152-04:00  INFO 3244 --- [ms-carrito] [main] c.e.m.controller.CarritoControllerTest   : Started CarritoControllerTest in 1.489 seconds (process running for 14.133)
2026-07-12T23:48:49.172-04:00 DEBUG 3244 --- [ms-carrito] [main] c.e.m.security.filter.JwtAuthFilter      : No se encontró token Bearer
2026-07-12T23:48:49.351-04:00  INFO 3244 --- [ms-carrito] [main] c.e.m.controller.CarritoController       : Agregando item al carrito del usuario: testuser, producto: 1
2026-07-12T23:48:49.530-04:00 DEBUG 3244 --- [ms-carrito] [main] c.e.m.security.filter.JwtAuthFilter      : No se encontró token Bearer
2026-07-12T23:48:49.531-04:00  INFO 3244 --- [ms-carrito] [main] c.e.m.controller.CarritoController       : Eliminando producto 1 del carrito de testuser
2026-07-12T23:48:49.547-04:00 DEBUG 3244 --- [ms-carrito] [main] c.e.m.security.filter.JwtAuthFilter      : No se encontró token Bearer
2026-07-12T23:48:49.550-04:00  INFO 3244 --- [ms-carrito] [main] c.e.m.controller.CarritoController       : Actualizando cantidad del producto 1 a 3 para usuario testuser
2026-07-12T23:48:49.569-04:00 DEBUG 3244 --- [ms-carrito] [main] c.e.m.security.filter.JwtAuthFilter      : No se encontró token Bearer
2026-07-12T23:48:49.570-04:00  INFO 3244 --- [ms-carrito] [main] c.e.m.controller.CarritoController       : Limpiando carrito del usuario: testuser
2026-07-12T23:48:49.584-04:00 DEBUG 3244 --- [ms-carrito] [main] c.e.m.security.filter.JwtAuthFilter      : No se encontró token Bearer
2026-07-12T23:48:49.585-04:00  INFO 3244 --- [ms-carrito] [main] c.e.m.controller.CarritoController       : Obteniendo carrito del usuario: testuser
2026-07-12T23:48:49.614-04:00  WARN 3244 --- [ms-carrito] [main] c.e.m.exception.GlobalExceptionHandler   : Carrito no encontrado: Carrito 1 no existe
2026-07-12T23:48:49.626-04:00 ERROR 3244 --- [ms-carrito] [main] c.e.m.exception.GlobalExceptionHandler   : Error en tiempo de ejecución: Error inesperado

java.lang.RuntimeException: Error inesperado
	at com.example.ms_carrito.exception.GlobalExceptionHandlerTest.deberiaManejarRuntimeException(GlobalExceptionHandlerTest.java:64) ~[test-classes/:na]
	at java.base/jdk.internal.reflect.DirectMethodHandleAccessor.invoke(DirectMethodHandleAccessor.java:103) ~[na:na]
	at java.base/java.lang.reflect.Method.invoke(Method.java:580) ~[na:na]
	at org.junit.platform.commons.util.ReflectionUtils.invokeMethod(ReflectionUtils.java:767) ~[junit-platform-commons-1.11.4.jar:1.11.4]
	at org.junit.jupiter.engine.execution.MethodInvocation.proceed(MethodInvocation.java:60) ~[junit-jupiter-engine-5.11.4.jar:5.11.4]
	at org.junit.jupiter.engine.execution.InvocationInterceptorChain$ValidatingInvocation.proceed(InvocationInterceptorChain.java:131) ~[junit-jupiter-engine-5.11.4.jar:5.11.4]
	at org.junit.jupiter.engine.extension.TimeoutExtension.intercept(TimeoutExtension.java:156) ~[junit-jupiter-engine-5.11.4.jar:5.11.4]
	at org.junit.jupiter.engine.extension.TimeoutExtension.interceptTestableMethod(TimeoutExtension.java:147) ~[junit-jupiter-engine-5.11.4.jar:5.11.4]
	at org.junit.jupiter.engine.extension.TimeoutExtension.interceptTestMethod(TimeoutExtension.java:86) ~[junit-jupiter-engine-5.11.4.jar:5.11.4]
	at org.junit.jupiter.engine.execution.InterceptingExecutableInvoker$ReflectiveInterceptorCall.lambda$ofVoidMethod$0(InterceptingExecutableInvoker.java:103) ~[junit-jupiter-engine-5.11.4.jar:5.11.4]
	at org.junit.jupiter.engine.execution.InterceptingExecutableInvoker.lambda$invoke$0(InterceptingExecutableInvoker.java:93) ~[junit-jupiter-engine-5.11.4.jar:5.11.4]
	at org.junit.jupiter.engine.execution.InvocationInterceptorChain$InterceptedInvocation.proceed(InvocationInterceptorChain.java:106) ~[junit-jupiter-engine-5.11.4.jar:5.11.4]
	at org.junit.jupiter.engine.execution.InvocationInterceptorChain.proceed(InvocationInterceptorChain.java:64) ~[junit-jupiter-engine-5.11.4.jar:5.11.4]
	at org.junit.jupiter.engine.execution.InvocationInterceptorChain.chainAndInvoke(InvocationInterceptorChain.java:45) ~[junit-jupiter-engine-5.11.4.jar:5.11.4]
	at org.junit.jupiter.engine.execution.InvocationInterceptorChain.invoke(InvocationInterceptorChain.java:37) ~[junit-jupiter-engine-5.11.4.jar:5.11.4]
	at org.junit.jupiter.engine.execution.InterceptingExecutableInvoker.invoke(InterceptingExecutableInvoker.java:92) ~[junit-jupiter-engine-5.11.4.jar:5.11.4]
	at org.junit.jupiter.engine.execution.InterceptingExecutableInvoker.invoke(InterceptingExecutableInvoker.java:86) ~[junit-jupiter-engine-5.11.4.jar:5.11.4]
	at org.junit.jupiter.engine.descriptor.TestMethodTestDescriptor.lambda$invokeTestMethod$8(TestMethodTestDescriptor.java:217) ~[junit-jupiter-engine-5.11.4.jar:5.11.4]
	at org.junit.platform.engine.support.hierarchical.ThrowableCollector.execute(ThrowableCollector.java:73) ~[junit-platform-engine-1.11.4.jar:1.11.4]
	at org.junit.jupiter.engine.descriptor.TestMethodTestDescriptor.invokeTestMethod(TestMethodTestDescriptor.java:213) ~[junit-jupiter-engine-5.11.4.jar:5.11.4]
	at org.junit.jupiter.engine.descriptor.TestMethodTestDescriptor.execute(TestMethodTestDescriptor.java:138) ~[junit-jupiter-engine-5.11.4.jar:5.11.4]
	at org.junit.jupiter.engine.descriptor.TestMethodTestDescriptor.execute(TestMethodTestDescriptor.java:68) ~[junit-jupiter-engine-5.11.4.jar:5.11.4]
	at org.junit.platform.engine.support.hierarchical.NodeTestTask.lambda$executeRecursively$6(NodeTestTask.java:156) ~[junit-platform-engine-1.11.4.jar:1.11.4]
	at org.junit.platform.engine.support.hierarchical.ThrowableCollector.execute(ThrowableCollector.java:73) ~[junit-platform-engine-1.11.4.jar:1.11.4]
	at org.junit.platform.engine.support.hierarchical.NodeTestTask.lambda$executeRecursively$8(NodeTestTask.java:146) ~[junit-platform-engine-1.11.4.jar:1.11.4]
	at org.junit.platform.engine.support.hierarchical.Node.around(Node.java:137) ~[junit-platform-engine-1.11.4.jar:1.11.4]
	at org.junit.platform.engine.support.hierarchical.NodeTestTask.lambda$executeRecursively$9(NodeTestTask.java:144) ~[junit-platform-engine-1.11.4.jar:1.11.4]
	at org.junit.platform.engine.support.hierarchical.ThrowableCollector.execute(ThrowableCollector.java:73) ~[junit-platform-engine-1.11.4.jar:1.11.4]
	at org.junit.platform.engine.support.hierarchical.NodeTestTask.executeRecursively(NodeTestTask.java:143) ~[junit-platform-engine-1.11.4.jar:1.11.4]
	at org.junit.platform.engine.support.hierarchical.NodeTestTask.execute(NodeTestTask.java:100) ~[junit-platform-engine-1.11.4.jar:1.11.4]
	at java.base/java.util.ArrayList.forEach(ArrayList.java:1596) ~[na:na]
	at org.junit.platform.engine.support.hierarchical.SameThreadHierarchicalTestExecutorService.invokeAll(SameThreadHierarchicalTestExecutorService.java:41) ~[junit-platform-engine-1.11.4.jar:1.11.4]
	at org.junit.platform.engine.support.hierarchical.NodeTestTask.lambda$executeRecursively$6(NodeTestTask.java:160) ~[junit-platform-engine-1.11.4.jar:1.11.4]
	at org.junit.platform.engine.support.hierarchical.ThrowableCollector.execute(ThrowableCollector.java:73) ~[junit-platform-engine-1.11.4.jar:1.11.4]
	at org.junit.platform.engine.support.hierarchical.NodeTestTask.lambda$executeRecursively$8(NodeTestTask.java:146) ~[junit-platform-engine-1.11.4.jar:1.11.4]
	at org.junit.platform.engine.support.hierarchical.Node.around(Node.java:137) ~[junit-platform-engine-1.11.4.jar:1.11.4]
	at org.junit.platform.engine.support.hierarchical.NodeTestTask.lambda$executeRecursively$9(NodeTestTask.java:144) ~[junit-platform-engine-1.11.4.jar:1.11.4]
	at org.junit.platform.engine.support.hierarchical.ThrowableCollector.execute(ThrowableCollector.java:73) ~[junit-platform-engine-1.11.4.jar:1.11.4]
	at org.junit.platform.engine.support.hierarchical.NodeTestTask.executeRecursively(NodeTestTask.java:143) ~[junit-platform-engine-1.11.4.jar:1.11.4]
	at org.junit.platform.engine.support.hierarchical.NodeTestTask.execute(NodeTestTask.java:100) ~[junit-platform-engine-1.11.4.jar:1.11.4]
	at java.base/java.util.ArrayList.forEach(ArrayList.java:1596) ~[na:na]
	at org.junit.platform.engine.support.hierarchical.SameThreadHierarchicalTestExecutorService.invokeAll(SameThreadHierarchicalTestExecutorService.java:41) ~[junit-platform-engine-1.11.4.jar:1.11.4]
	at org.junit.platform.engine.support.hierarchical.NodeTestTask.lambda$executeRecursively$6(NodeTestTask.java:160) ~[junit-platform-engine-1.11.4.jar:1.11.4]
	at org.junit.platform.engine.support.hierarchical.ThrowableCollector.execute(ThrowableCollector.java:73) ~[junit-platform-engine-1.11.4.jar:1.11.4]
	at org.junit.platform.engine.support.hierarchical.NodeTestTask.lambda$executeRecursively$8(NodeTestTask.java:146) ~[junit-platform-engine-1.11.4.jar:1.11.4]
	at org.junit.platform.engine.support.hierarchical.Node.around(Node.java:137) ~[junit-platform-engine-1.11.4.jar:1.11.4]
	at org.junit.platform.engine.support.hierarchical.NodeTestTask.lambda$executeRecursively$9(NodeTestTask.java:144) ~[junit-platform-engine-1.11.4.jar:1.11.4]
	at org.junit.platform.engine.support.hierarchical.ThrowableCollector.execute(ThrowableCollector.java:73) ~[junit-platform-engine-1.11.4.jar:1.11.4]
	at org.junit.platform.engine.support.hierarchical.NodeTestTask.executeRecursively(NodeTestTask.java:143) ~[junit-platform-engine-1.11.4.jar:1.11.4]
	at org.junit.platform.engine.support.hierarchical.NodeTestTask.execute(NodeTestTask.java:100) ~[junit-platform-engine-1.11.4.jar:1.11.4]
	at org.junit.platform.engine.support.hierarchical.SameThreadHierarchicalTestExecutorService.submit(SameThreadHierarchicalTestExecutorService.java:35) ~[junit-platform-engine-1.11.4.jar:1.11.4]
	at org.junit.platform.engine.support.hierarchical.HierarchicalTestExecutor.execute(HierarchicalTestExecutor.java:57) ~[junit-platform-engine-1.11.4.jar:1.11.4]
	at org.junit.platform.engine.support.hierarchical.HierarchicalTestEngine.execute(HierarchicalTestEngine.java:54) ~[junit-platform-engine-1.11.4.jar:1.11.4]
	at org.junit.platform.launcher.core.EngineExecutionOrchestrator.execute(EngineExecutionOrchestrator.java:198) ~[junit-platform-launcher-1.11.4.jar:1.11.4]
	at org.junit.platform.launcher.core.EngineExecutionOrchestrator.execute(EngineExecutionOrchestrator.java:169) ~[junit-platform-launcher-1.11.4.jar:1.11.4]
	at org.junit.platform.launcher.core.EngineExecutionOrchestrator.execute(EngineExecutionOrchestrator.java:93) ~[junit-platform-launcher-1.11.4.jar:1.11.4]
	at org.junit.platform.launcher.core.EngineExecutionOrchestrator.lambda$execute$0(EngineExecutionOrchestrator.java:58) ~[junit-platform-launcher-1.11.4.jar:1.11.4]
	at org.junit.platform.launcher.core.EngineExecutionOrchestrator.withInterceptedStreams(EngineExecutionOrchestrator.java:141) ~[junit-platform-launcher-1.11.4.jar:1.11.4]
	at org.junit.platform.launcher.core.EngineExecutionOrchestrator.execute(EngineExecutionOrchestrator.java:57) ~[junit-platform-launcher-1.11.4.jar:1.11.4]
	at org.junit.platform.launcher.core.DefaultLauncher.execute(DefaultLauncher.java:103) ~[junit-platform-launcher-1.11.4.jar:1.11.4]
	at org.junit.platform.launcher.core.DefaultLauncher.execute(DefaultLauncher.java:85) ~[junit-platform-launcher-1.11.4.jar:1.11.4]
	at org.junit.platform.launcher.core.DelegatingLauncher.execute(DelegatingLauncher.java:47) ~[junit-platform-launcher-1.11.4.jar:1.11.4]
	at org.apache.maven.surefire.junitplatform.LazyLauncher.execute(LazyLauncher.java:56) ~[surefire-junit-platform-3.5.2.jar:3.5.2]
	at org.apache.maven.surefire.junitplatform.JUnitPlatformProvider.execute(JUnitPlatformProvider.java:184) ~[surefire-junit-platform-3.5.2.jar:3.5.2]
	at org.apache.maven.surefire.junitplatform.JUnitPlatformProvider.invokeAllTests(JUnitPlatformProvider.java:148) ~[surefire-junit-platform-3.5.2.jar:3.5.2]
	at org.apache.maven.surefire.junitplatform.JUnitPlatformProvider.invoke(JUnitPlatformProvider.java:122) ~[surefire-junit-platform-3.5.2.jar:3.5.2]
	at org.apache.maven.surefire.booter.ForkedBooter.runSuitesInProcess(ForkedBooter.java:385) ~[surefire-booter-3.5.2.jar:3.5.2]
	at org.apache.maven.surefire.booter.ForkedBooter.execute(ForkedBooter.java:162) ~[surefire-booter-3.5.2.jar:3.5.2]
	at org.apache.maven.surefire.booter.ForkedBooter.run(ForkedBooter.java:507) ~[surefire-booter-3.5.2.jar:3.5.2]
	at org.apache.maven.surefire.booter.ForkedBooter.main(ForkedBooter.java:495) ~[surefire-booter-3.5.2.jar:3.5.2]

2026-07-12T23:48:49.640-04:00  WARN 3244 --- [ms-carrito] [main] c.e.m.exception.GlobalExceptionHandler   : Usuario no encontrado: Usuario no existe
2026-07-12T23:48:49.642-04:00  WARN 3244 --- [ms-carrito] [main] c.e.m.exception.GlobalExceptionHandler   : Stock insuficiente: Sin stock
2026-07-12T23:48:49.645-04:00  WARN 3244 --- [ms-carrito] [main] c.e.m.exception.GlobalExceptionHandler   : Acceso denegado - Permisos insuficientes
2026-07-12T23:48:49.669-04:00  WARN 3244 --- [ms-carrito] [main] c.e.m.exception.GlobalExceptionHandler   : Argumento inválido: Argumento inválido
2026-07-12T23:48:49.673-04:00  WARN 3244 --- [ms-carrito] [main] c.e.m.exception.GlobalExceptionHandler   : Item no encontrado: Item no existe
2026-07-12T23:48:49.675-04:00  WARN 3244 --- [ms-carrito] [main] c.e.m.exception.GlobalExceptionHandler   : Producto no encontrado: Producto no existe
2026-07-12T23:48:49.844-04:00  WARN 3244 --- [ms-carrito] [main] c.e.m.exception.GlobalExceptionHandler   : Error de validación - Campos inválidos: []
2026-07-12T23:48:49.846-04:00 ERROR 3244 --- [ms-carrito] [main] c.e.m.exception.GlobalExceptionHandler   : Error inesperado: Error genérico

java.lang.Exception: Error genérico
	at com.example.ms_carrito.exception.GlobalExceptionHandlerTest.deberiaManejarGenericException(GlobalExceptionHandlerTest.java:70) ~[test-classes/:na]
	at java.base/jdk.internal.reflect.DirectMethodHandleAccessor.invoke(DirectMethodHandleAccessor.java:103) ~[na:na]
	at java.base/java.lang.reflect.Method.invoke(Method.java:580) ~[na:na]
	at org.junit.platform.commons.util.ReflectionUtils.invokeMethod(ReflectionUtils.java:767) ~[junit-platform-commons-1.11.4.jar:1.11.4]
	at org.junit.jupiter.engine.execution.MethodInvocation.proceed(MethodInvocation.java:60) ~[junit-jupiter-engine-5.11.4.jar:5.11.4]
	at org.junit.jupiter.engine.execution.InvocationInterceptorChain$ValidatingInvocation.proceed(InvocationInterceptorChain.java:131) ~[junit-jupiter-engine-5.11.4.jar:5.11.4]
	at org.junit.jupiter.engine.extension.TimeoutExtension.intercept(TimeoutExtension.java:156) ~[junit-jupiter-engine-5.11.4.jar:5.11.4]
	at org.junit.jupiter.engine.extension.TimeoutExtension.interceptTestableMethod(TimeoutExtension.java:147) ~[junit-jupiter-engine-5.11.4.jar:5.11.4]
	at org.junit.jupiter.engine.extension.TimeoutExtension.interceptTestMethod(TimeoutExtension.java:86) ~[junit-jupiter-engine-5.11.4.jar:5.11.4]
	at org.junit.jupiter.engine.execution.InterceptingExecutableInvoker$ReflectiveInterceptorCall.lambda$ofVoidMethod$0(InterceptingExecutableInvoker.java:103) ~[junit-jupiter-engine-5.11.4.jar:5.11.4]
	at org.junit.jupiter.engine.execution.InterceptingExecutableInvoker.lambda$invoke$0(InterceptingExecutableInvoker.java:93) ~[junit-jupiter-engine-5.11.4.jar:5.11.4]
	at org.junit.jupiter.engine.execution.InvocationInterceptorChain$InterceptedInvocation.proceed(InvocationInterceptorChain.java:106) ~[junit-jupiter-engine-5.11.4.jar:5.11.4]
	at org.junit.jupiter.engine.execution.InvocationInterceptorChain.proceed(InvocationInterceptorChain.java:64) ~[junit-jupiter-engine-5.11.4.jar:5.11.4]
	at org.junit.jupiter.engine.execution.InvocationInterceptorChain.chainAndInvoke(InvocationInterceptorChain.java:45) ~[junit-jupiter-engine-5.11.4.jar:5.11.4]
	at org.junit.jupiter.engine.execution.InvocationInterceptorChain.invoke(InvocationInterceptorChain.java:37) ~[junit-jupiter-engine-5.11.4.jar:5.11.4]
	at org.junit.jupiter.engine.execution.InterceptingExecutableInvoker.invoke(InterceptingExecutableInvoker.java:92) ~[junit-jupiter-engine-5.11.4.jar:5.11.4]
	at org.junit.jupiter.engine.execution.InterceptingExecutableInvoker.invoke(InterceptingExecutableInvoker.java:86) ~[junit-jupiter-engine-5.11.4.jar:5.11.4]
	at org.junit.jupiter.engine.descriptor.TestMethodTestDescriptor.lambda$invokeTestMethod$8(TestMethodTestDescriptor.java:217) ~[junit-jupiter-engine-5.11.4.jar:5.11.4]
	at org.junit.platform.engine.support.hierarchical.ThrowableCollector.execute(ThrowableCollector.java:73) ~[junit-platform-engine-1.11.4.jar:1.11.4]
	at org.junit.jupiter.engine.descriptor.TestMethodTestDescriptor.invokeTestMethod(TestMethodTestDescriptor.java:213) ~[junit-jupiter-engine-5.11.4.jar:5.11.4]
	at org.junit.jupiter.engine.descriptor.TestMethodTestDescriptor.execute(TestMethodTestDescriptor.java:138) ~[junit-jupiter-engine-5.11.4.jar:5.11.4]
	at org.junit.jupiter.engine.descriptor.TestMethodTestDescriptor.execute(TestMethodTestDescriptor.java:68) ~[junit-jupiter-engine-5.11.4.jar:5.11.4]
	at org.junit.platform.engine.support.hierarchical.NodeTestTask.lambda$executeRecursively$6(NodeTestTask.java:156) ~[junit-platform-engine-1.11.4.jar:1.11.4]
	at org.junit.platform.engine.support.hierarchical.ThrowableCollector.execute(ThrowableCollector.java:73) ~[junit-platform-engine-1.11.4.jar:1.11.4]
	at org.junit.platform.engine.support.hierarchical.NodeTestTask.lambda$executeRecursively$8(NodeTestTask.java:146) ~[junit-platform-engine-1.11.4.jar:1.11.4]
	at org.junit.platform.engine.support.hierarchical.Node.around(Node.java:137) ~[junit-platform-engine-1.11.4.jar:1.11.4]
	at org.junit.platform.engine.support.hierarchical.NodeTestTask.lambda$executeRecursively$9(NodeTestTask.java:144) ~[junit-platform-engine-1.11.4.jar:1.11.4]
	at org.junit.platform.engine.support.hierarchical.ThrowableCollector.execute(ThrowableCollector.java:73) ~[junit-platform-engine-1.11.4.jar:1.11.4]
	at org.junit.platform.engine.support.hierarchical.NodeTestTask.executeRecursively(NodeTestTask.java:143) ~[junit-platform-engine-1.11.4.jar:1.11.4]
	at org.junit.platform.engine.support.hierarchical.NodeTestTask.execute(NodeTestTask.java:100) ~[junit-platform-engine-1.11.4.jar:1.11.4]
	at java.base/java.util.ArrayList.forEach(ArrayList.java:1596) ~[na:na]
	at org.junit.platform.engine.support.hierarchical.SameThreadHierarchicalTestExecutorService.invokeAll(SameThreadHierarchicalTestExecutorService.java:41) ~[junit-platform-engine-1.11.4.jar:1.11.4]
	at org.junit.platform.engine.support.hierarchical.NodeTestTask.lambda$executeRecursively$6(NodeTestTask.java:160) ~[junit-platform-engine-1.11.4.jar:1.11.4]
	at org.junit.platform.engine.support.hierarchical.ThrowableCollector.execute(ThrowableCollector.java:73) ~[junit-platform-engine-1.11.4.jar:1.11.4]
	at org.junit.platform.engine.support.hierarchical.NodeTestTask.lambda$executeRecursively$8(NodeTestTask.java:146) ~[junit-platform-engine-1.11.4.jar:1.11.4]
	at org.junit.platform.engine.support.hierarchical.Node.around(Node.java:137) ~[junit-platform-engine-1.11.4.jar:1.11.4]
	at org.junit.platform.engine.support.hierarchical.NodeTestTask.lambda$executeRecursively$9(NodeTestTask.java:144) ~[junit-platform-engine-1.11.4.jar:1.11.4]
	at org.junit.platform.engine.support.hierarchical.ThrowableCollector.execute(ThrowableCollector.java:73) ~[junit-platform-engine-1.11.4.jar:1.11.4]
	at org.junit.platform.engine.support.hierarchical.NodeTestTask.executeRecursively(NodeTestTask.java:143) ~[junit-platform-engine-1.11.4.jar:1.11.4]
	at org.junit.platform.engine.support.hierarchical.NodeTestTask.execute(NodeTestTask.java:100) ~[junit-platform-engine-1.11.4.jar:1.11.4]
	at java.base/java.util.ArrayList.forEach(ArrayList.java:1596) ~[na:na]
	at org.junit.platform.engine.support.hierarchical.SameThreadHierarchicalTestExecutorService.invokeAll(SameThreadHierarchicalTestExecutorService.java:41) ~[junit-platform-engine-1.11.4.jar:1.11.4]
	at org.junit.platform.engine.support.hierarchical.NodeTestTask.lambda$executeRecursively$6(NodeTestTask.java:160) ~[junit-platform-engine-1.11.4.jar:1.11.4]
	at org.junit.platform.engine.support.hierarchical.ThrowableCollector.execute(ThrowableCollector.java:73) ~[junit-platform-engine-1.11.4.jar:1.11.4]
	at org.junit.platform.engine.support.hierarchical.NodeTestTask.lambda$executeRecursively$8(NodeTestTask.java:146) ~[junit-platform-engine-1.11.4.jar:1.11.4]
	at org.junit.platform.engine.support.hierarchical.Node.around(Node.java:137) ~[junit-platform-engine-1.11.4.jar:1.11.4]
	at org.junit.platform.engine.support.hierarchical.NodeTestTask.lambda$executeRecursively$9(NodeTestTask.java:144) ~[junit-platform-engine-1.11.4.jar:1.11.4]
	at org.junit.platform.engine.support.hierarchical.ThrowableCollector.execute(ThrowableCollector.java:73) ~[junit-platform-engine-1.11.4.jar:1.11.4]
	at org.junit.platform.engine.support.hierarchical.NodeTestTask.executeRecursively(NodeTestTask.java:143) ~[junit-platform-engine-1.11.4.jar:1.11.4]
	at org.junit.platform.engine.support.hierarchical.NodeTestTask.execute(NodeTestTask.java:100) ~[junit-platform-engine-1.11.4.jar:1.11.4]
	at org.junit.platform.engine.support.hierarchical.SameThreadHierarchicalTestExecutorService.submit(SameThreadHierarchicalTestExecutorService.java:35) ~[junit-platform-engine-1.11.4.jar:1.11.4]
	at org.junit.platform.engine.support.hierarchical.HierarchicalTestExecutor.execute(HierarchicalTestExecutor.java:57) ~[junit-platform-engine-1.11.4.jar:1.11.4]
	at org.junit.platform.engine.support.hierarchical.HierarchicalTestEngine.execute(HierarchicalTestEngine.java:54) ~[junit-platform-engine-1.11.4.jar:1.11.4]
	at org.junit.platform.launcher.core.EngineExecutionOrchestrator.execute(EngineExecutionOrchestrator.java:198) ~[junit-platform-launcher-1.11.4.jar:1.11.4]
	at org.junit.platform.launcher.core.EngineExecutionOrchestrator.execute(EngineExecutionOrchestrator.java:169) ~[junit-platform-launcher-1.11.4.jar:1.11.4]
	at org.junit.platform.launcher.core.EngineExecutionOrchestrator.execute(EngineExecutionOrchestrator.java:93) ~[junit-platform-launcher-1.11.4.jar:1.11.4]
	at org.junit.platform.launcher.core.EngineExecutionOrchestrator.lambda$execute$0(EngineExecutionOrchestrator.java:58) ~[junit-platform-launcher-1.11.4.jar:1.11.4]
	at org.junit.platform.launcher.core.EngineExecutionOrchestrator.withInterceptedStreams(EngineExecutionOrchestrator.java:141) ~[junit-platform-launcher-1.11.4.jar:1.11.4]
	at org.junit.platform.launcher.core.EngineExecutionOrchestrator.execute(EngineExecutionOrchestrator.java:57) ~[junit-platform-launcher-1.11.4.jar:1.11.4]
	at org.junit.platform.launcher.core.DefaultLauncher.execute(DefaultLauncher.java:103) ~[junit-platform-launcher-1.11.4.jar:1.11.4]
	at org.junit.platform.launcher.core.DefaultLauncher.execute(DefaultLauncher.java:85) ~[junit-platform-launcher-1.11.4.jar:1.11.4]
	at org.junit.platform.launcher.core.DelegatingLauncher.execute(DelegatingLauncher.java:47) ~[junit-platform-launcher-1.11.4.jar:1.11.4]
	at org.apache.maven.surefire.junitplatform.LazyLauncher.execute(LazyLauncher.java:56) ~[surefire-junit-platform-3.5.2.jar:3.5.2]
	at org.apache.maven.surefire.junitplatform.JUnitPlatformProvider.execute(JUnitPlatformProvider.java:184) ~[surefire-junit-platform-3.5.2.jar:3.5.2]
	at org.apache.maven.surefire.junitplatform.JUnitPlatformProvider.invokeAllTests(JUnitPlatformProvider.java:148) ~[surefire-junit-platform-3.5.2.jar:3.5.2]
	at org.apache.maven.surefire.junitplatform.JUnitPlatformProvider.invoke(JUnitPlatformProvider.java:122) ~[surefire-junit-platform-3.5.2.jar:3.5.2]
	at org.apache.maven.surefire.booter.ForkedBooter.runSuitesInProcess(ForkedBooter.java:385) ~[surefire-booter-3.5.2.jar:3.5.2]
	at org.apache.maven.surefire.booter.ForkedBooter.execute(ForkedBooter.java:162) ~[surefire-booter-3.5.2.jar:3.5.2]
	at org.apache.maven.surefire.booter.ForkedBooter.run(ForkedBooter.java:507) ~[surefire-booter-3.5.2.jar:3.5.2]
	at org.apache.maven.surefire.booter.ForkedBooter.main(ForkedBooter.java:495) ~[surefire-booter-3.5.2.jar:3.5.2]

2026-07-12T23:48:49.862-04:00  INFO 3244 --- [ms-carrito] [main] t.c.s.AnnotationConfigContextLoaderUtils : Could not detect default configuration classes for test class [com.example.ms_carrito.MsCarritoApplicationTests]: MsCarritoApplicationTests does not declare any static, non-private, non-final, nested classes annotated with @Configuration.
2026-07-12T23:48:49.901-04:00  INFO 3244 --- [ms-carrito] [main] .b.t.c.SpringBootTestContextBootstrapper : Found @SpringBootConfiguration com.example.ms_carrito.MsCarritoApplication for test class com.example.ms_carrito.MsCarritoApplicationTests
2026-07-12T23:48:50.977-04:00  INFO 3244 --- [ms-carrito] [main] c.e.m.MsCarritoApplicationTests          : Starting MsCarritoApplicationTests using Java 21.0.8 with PID 3244 (started by Usuario in C:\Users\Usuario\Desktop\Prueba_2_final\ms-carrito)
2026-07-12T23:48:50.977-04:00 DEBUG 3244 --- [ms-carrito] [main] c.e.m.MsCarritoApplicationTests          : Running with Spring Boot v3.4.4, Spring v6.2.5
2026-07-12T23:48:50.978-04:00  INFO 3244 --- [ms-carrito] [main] c.e.m.MsCarritoApplicationTests          : The following 1 profile is active: "test"
2026-07-12T23:48:51.697-04:00  INFO 3244 --- [ms-carrito] [main] .s.d.r.c.RepositoryConfigurationDelegate : Bootstrapping Spring Data JPA repositories in DEFAULT mode.
2026-07-12T23:48:51.788-04:00  INFO 3244 --- [ms-carrito] [main] .s.d.r.c.RepositoryConfigurationDelegate : Finished Spring Data repository scanning in 76 ms. Found 1 JPA repository interface.
2026-07-12T23:48:52.034-04:00  INFO 3244 --- [ms-carrito] [main] o.s.cloud.context.scope.GenericScope     : BeanFactory id=204ac420-8a9c-3231-8191-ed3a6efb4a20
2026-07-12T23:48:52.376-04:00  INFO 3244 --- [ms-carrito] [main] o.hibernate.jpa.internal.util.LogHelper  : HHH000204: Processing PersistenceUnitInfo [name: default]
2026-07-12T23:48:52.514-04:00  INFO 3244 --- [ms-carrito] [main] org.hibernate.Version                    : HHH000412: Hibernate ORM core version 6.6.11.Final
2026-07-12T23:48:52.599-04:00  INFO 3244 --- [ms-carrito] [main] o.h.c.internal.RegionFactoryInitiator    : HHH000026: Second-level cache disabled
2026-07-12T23:48:52.842-04:00  INFO 3244 --- [ms-carrito] [main] o.s.o.j.p.SpringPersistenceUnitInfo      : No LoadTimeWeaver setup: ignoring JPA class transformer
2026-07-12T23:48:52.894-04:00  INFO 3244 --- [ms-carrito] [main] com.zaxxer.hikari.HikariDataSource       : HikariPool-1 - Starting...
2026-07-12T23:48:53.341-04:00  INFO 3244 --- [ms-carrito] [main] com.zaxxer.hikari.pool.HikariPool        : HikariPool-1 - Added connection conn0: url=jdbc:h2:mem:testdb user=SA
2026-07-12T23:48:53.346-04:00  INFO 3244 --- [ms-carrito] [main] com.zaxxer.hikari.HikariDataSource       : HikariPool-1 - Start completed.
2026-07-12T23:48:53.481-04:00  INFO 3244 --- [ms-carrito] [main] org.hibernate.orm.connections.pooling    : HHH10001005: Database info:
	Database JDBC URL [Connecting through datasource 'HikariDataSource (HikariPool-1)']
	Database driver: undefined/unknown
	Database version: 2.3.232
	Autocommit mode: undefined/unknown
	Isolation level: undefined/unknown
	Minimum pool size: undefined/unknown
	Maximum pool size: undefined/unknown
2026-07-12T23:48:55.005-04:00  INFO 3244 --- [ms-carrito] [main] o.h.e.t.j.p.i.JtaPlatformInitiator       : HHH000489: No JTA platform available (set 'hibernate.transaction.jta.platform' to enable JTA platform integration)
2026-07-12T23:48:55.097-04:00  INFO 3244 --- [ms-carrito] [main] j.LocalContainerEntityManagerFactoryBean : Initialized JPA EntityManagerFactory for persistence unit 'default'
2026-07-12T23:48:55.917-04:00  WARN 3244 --- [ms-carrito] [main] JpaBaseConfiguration$JpaWebConfiguration : spring.jpa.open-in-view is enabled by default. Therefore, database queries may be performed during view rendering. Explicitly configure spring.jpa.open-in-view to disable this warning
2026-07-12T23:48:56.014-04:00  INFO 3244 --- [ms-carrito] [main] r$InitializeUserDetailsManagerConfigurer : Global AuthenticationManager configured with UserDetailsService bean with name customUserDetailsService
2026-07-12T23:48:57.545-04:00  INFO 3244 --- [ms-carrito] [main] o.s.cloud.commons.util.InetUtils         : Cannot determine local hostname
2026-07-12T23:48:57.554-04:00  INFO 3244 --- [ms-carrito] [main] DiscoveryClientOptionalArgsConfiguration : Eureka HTTP Client uses RestTemplate.
2026-07-12T23:48:57.604-04:00  WARN 3244 --- [ms-carrito] [main] iguration$LoadBalancerCaffeineWarnLogger : Spring Cloud LoadBalancer is currently working with the default cache. While this cache implementation is useful for development and tests, it's recommended to use Caffeine cache in production.You can switch to using Caffeine cache, by adding it and org.springframework.cache.caffeine.CaffeineCacheManager to the classpath.
2026-07-12T23:48:57.633-04:00  INFO 3244 --- [ms-carrito] [main] c.e.m.MsCarritoApplicationTests          : Started MsCarritoApplicationTests in 7.719 seconds (process running for 22.615)
2026-07-12T23:48:57.781-04:00 DEBUG 3244 --- [ms-carrito] [main] c.e.m.security.filter.JwtAuthFilter      : No se encontró token Bearer
2026-07-12T23:48:57.792-04:00 ERROR 3244 --- [ms-carrito] [main] c.e.m.security.filter.JwtAuthFilter      : Error procesando token JWT: Error de parseo
2026-07-12T23:48:57.796-04:00  WARN 3244 --- [ms-carrito] [main] c.e.m.security.filter.JwtAuthFilter      : Token inválido o expirado
2026-07-12T23:48:57.800-04:00 DEBUG 3244 --- [ms-carrito] [main] c.e.m.security.filter.JwtAuthFilter      : No se encontró token Bearer
2026-07-12T23:48:57.813-04:00  INFO 3244 --- [ms-carrito] [main] c.e.m.security.filter.JwtAuthFilter      : Usuario autenticado: testuser con rol USER
2026-07-12T23:48:57.964-04:00  WARN 3244 --- [ms-carrito] [main] c.e.ms_carrito.security.jwt.JwtService   : Error al extraer username: Invalid compact JWT string: Compact JWSs must contain exactly 2 period characters, and compact JWEs must contain exactly 4.  Found: 0
2026-07-12T23:48:58.005-04:00  WARN 3244 --- [ms-carrito] [main] c.e.ms_carrito.security.jwt.JwtService   : Token inválido: JWT expired 601004 milliseconds ago at 2026-07-13T03:38:57.000Z. Current time: 2026-07-13T03:48:58.004Z. Allowed clock skew: 0 milliseconds.
2026-07-12T23:48:58.006-04:00  WARN 3244 --- [ms-carrito] [main] c.e.ms_carrito.security.jwt.JwtService   : Error al extraer role: Invalid compact JWT string: Compact JWSs must contain exactly 2 period characters, and compact JWEs must contain exactly 4.  Found: 0
2026-07-12T23:48:58.018-04:00  WARN 3244 --- [ms-carrito] [main] c.e.ms_carrito.security.jwt.JwtService   : Token inválido: Invalid compact JWT string: Compact JWSs must contain exactly 2 period characters, and compact JWEs must contain exactly 4.  Found: 0
2026-07-12T23:48:58.249-04:00  INFO 3244 --- [ms-carrito] [main] c.e.ms_carrito.service.CarritoService    : Agregando item al carrito del usuario: testuser, producto: 1
2026-07-12T23:48:58.249-04:00  WARN 3244 --- [ms-carrito] [main] c.e.ms_carrito.service.CarritoService    : Stock insuficiente para producto Producto A: stock=1, solicitado=5
2026-07-12T23:48:58.264-04:00  INFO 3244 --- [ms-carrito] [main] c.e.ms_carrito.service.CarritoService    : Eliminando producto 99 del carrito del usuario: testuser
2026-07-12T23:48:58.264-04:00 DEBUG 3244 --- [ms-carrito] [main] c.e.ms_carrito.service.CarritoService    : Buscando carrito por usuario ID: 1
2026-07-12T23:48:58.265-04:00  WARN 3244 --- [ms-carrito] [main] c.e.ms_carrito.service.CarritoService    : Producto 99 no encontrado en el carrito del usuario testuser
2026-07-12T23:48:58.269-04:00  INFO 3244 --- [ms-carrito] [main] c.e.ms_carrito.service.CarritoService    : Agregando item al carrito del usuario: noexiste, producto: 1
2026-07-12T23:48:58.270-04:00  WARN 3244 --- [ms-carrito] [main] c.e.ms_carrito.service.CarritoService    : Usuario no existe: noexiste
2026-07-12T23:48:58.273-04:00  INFO 3244 --- [ms-carrito] [main] c.e.ms_carrito.service.CarritoService    : Limpiando carrito del usuario: testuser
2026-07-12T23:48:58.274-04:00 DEBUG 3244 --- [ms-carrito] [main] c.e.ms_carrito.service.CarritoService    : Buscando carrito por usuario ID: 1
2026-07-12T23:48:58.274-04:00  INFO 3244 --- [ms-carrito] [main] c.e.ms_carrito.service.CarritoService    : Carrito limpiado para usuario: testuser
2026-07-12T23:48:58.281-04:00  INFO 3244 --- [ms-carrito] [main] c.e.ms_carrito.service.CarritoService    : Eliminando producto 1 del carrito del usuario: testuser
2026-07-12T23:48:58.281-04:00 DEBUG 3244 --- [ms-carrito] [main] c.e.ms_carrito.service.CarritoService    : Buscando carrito por usuario ID: 1
2026-07-12T23:48:58.282-04:00 DEBUG 3244 --- [ms-carrito] [main] c.e.ms_carrito.service.CarritoService    : Producto eliminado del carrito
2026-07-12T23:48:58.287-04:00  INFO 3244 --- [ms-carrito] [main] c.e.ms_carrito.service.CarritoService    : Actualizando cantidad para producto 1 del usuario testuser a 5
2026-07-12T23:48:58.287-04:00 DEBUG 3244 --- [ms-carrito] [main] c.e.ms_carrito.service.CarritoService    : Buscando carrito por usuario ID: 1
2026-07-12T23:48:58.289-04:00 DEBUG 3244 --- [ms-carrito] [main] c.e.ms_carrito.service.CarritoService    : Cantidad actualizada a 5
2026-07-12T23:48:58.295-04:00 DEBUG 3244 --- [ms-carrito] [main] c.e.ms_carrito.service.CarritoService    : Obteniendo carrito del usuario: testuser
2026-07-12T23:48:58.296-04:00 DEBUG 3244 --- [ms-carrito] [main] c.e.ms_carrito.service.CarritoService    : Buscando carrito por usuario ID: 1
2026-07-12T23:48:58.301-04:00  INFO 3244 --- [ms-carrito] [main] c.e.ms_carrito.service.CarritoService    : Agregando item al carrito del usuario: testuser, producto: 1
2026-07-12T23:48:58.303-04:00 DEBUG 3244 --- [ms-carrito] [main] c.e.ms_carrito.service.CarritoService    : Nuevo item agregado: Producto A x 2
2026-07-12T23:48:58.304-04:00  INFO 3244 --- [ms-carrito] [main] c.e.ms_carrito.service.CarritoService    : Carrito actualizado para usuario: testuser
2026-07-12T23:48:58.308-04:00 DEBUG 3244 --- [ms-carrito] [main] c.e.ms_carrito.service.CarritoService    : Obteniendo carrito del usuario: testuser
2026-07-12T23:48:58.308-04:00 DEBUG 3244 --- [ms-carrito] [main] c.e.ms_carrito.service.CarritoService    : Buscando carrito por usuario ID: 1
2026-07-12T23:48:58.309-04:00  WARN 3244 --- [ms-carrito] [main] c.e.ms_carrito.service.CarritoService    : Carrito no encontrado para usuario ID: 1
2026-07-12T23:48:58.314-04:00 DEBUG 3244 --- [ms-carrito] [main] c.e.m.service.CustomUserDetailsService   : Cargando UserDetails para usuario: testuser
2026-07-12T23:48:58.789-04:00  INFO 3244 --- [ms-carrito] [SpringApplicationShutdownHook] j.LocalContainerEntityManagerFactoryBean : Closing JPA EntityManagerFactory for persistence unit 'default'
2026-07-12T23:48:58.794-04:00  INFO 3244 --- [ms-carrito] [SpringApplicationShutdownHook] com.zaxxer.hikari.HikariDataSource       : HikariPool-1 - Shutdown initiated...
2026-07-12T23:48:58.797-04:00  INFO 3244 --- [ms-carrito] [SpringApplicationShutdownHook] com.zaxxer.hikari.HikariDataSource       : HikariPool-1 - Shutdown completed.
2026-07-12T23:51:40.334-04:00  INFO 532 --- [ms-carrito] [main] c.e.m.c.CarritoAdminControllerTest       : Starting CarritoAdminControllerTest using Java 21.0.8 with PID 532 (started by Usuario in C:\Users\Usuario\Desktop\Prueba_2_final\ms-carrito)
2026-07-12T23:51:40.336-04:00 DEBUG 532 --- [ms-carrito] [main] c.e.m.c.CarritoAdminControllerTest       : Running with Spring Boot v3.4.4, Spring v6.2.5
2026-07-12T23:51:40.337-04:00  INFO 532 --- [ms-carrito] [main] c.e.m.c.CarritoAdminControllerTest       : No active profile set, falling back to 1 default profile: "default"
2026-07-12T23:51:42.437-04:00  WARN 532 --- [ms-carrito] [main] r$InitializeUserDetailsManagerConfigurer : Found 2 UserDetailsService beans, with names [inMemoryUserDetailsManager, com.example.ms_carrito.service.CustomUserDetailsService#0]. Global Authentication Manager will not use a UserDetailsService for username/password login. Consider publishing a single UserDetailsService bean.
2026-07-12T23:51:43.535-04:00  WARN 532 --- [ms-carrito] [main] .s.s.UserDetailsServiceAutoConfiguration : 

Using generated security password: cb45725a-34eb-4e53-9392-cebbae4f8eac

This generated password is for development use only. Your security configuration must be updated before running your application in production.

2026-07-12T23:51:43.615-04:00 DEBUG 532 --- [ms-carrito] [main] c.e.m.security.filter.JwtAuthFilter      : Filter 'jwtAuthFilter' configured for use
2026-07-12T23:51:43.624-04:00  INFO 532 --- [ms-carrito] [main] o.s.b.t.m.w.SpringBootMockServletContext : Initializing Spring TestDispatcherServlet ''
2026-07-12T23:51:43.625-04:00  INFO 532 --- [ms-carrito] [main] o.s.t.web.servlet.TestDispatcherServlet  : Initializing Servlet ''
2026-07-12T23:51:43.628-04:00  INFO 532 --- [ms-carrito] [main] o.s.t.web.servlet.TestDispatcherServlet  : Completed initialization in 3 ms
2026-07-12T23:51:43.820-04:00  INFO 532 --- [ms-carrito] [main] c.e.m.c.CarritoAdminControllerTest       : Started CarritoAdminControllerTest in 5.374 seconds (process running for 11.517)
2026-07-12T23:51:43.921-04:00 DEBUG 532 --- [ms-carrito] [main] c.e.m.security.filter.JwtAuthFilter      : No se encontró token Bearer
2026-07-12T23:51:44.057-04:00  WARN 532 --- [ms-carrito] [main] c.e.m.exception.GlobalExceptionHandler   : Acceso denegado - Permisos insuficientes
2026-07-12T23:51:44.181-04:00 DEBUG 532 --- [ms-carrito] [main] c.e.m.security.filter.JwtAuthFilter      : No se encontró token Bearer
2026-07-12T23:51:44.184-04:00 DEBUG 532 --- [ms-carrito] [main] c.e.m.controller.CarritoAdminController  : ADMIN - Verificando existencia de carrito para usuario: 10
2026-07-12T23:51:44.271-04:00 DEBUG 532 --- [ms-carrito] [main] c.e.m.security.filter.JwtAuthFilter      : No se encontró token Bearer
2026-07-12T23:51:44.273-04:00  INFO 532 --- [ms-carrito] [main] c.e.m.controller.CarritoAdminController  : ADMIN - Obteniendo carrito del usuario 10
2026-07-12T23:51:44.332-04:00 DEBUG 532 --- [ms-carrito] [main] c.e.m.security.filter.JwtAuthFilter      : No se encontró token Bearer
2026-07-12T23:51:44.334-04:00  INFO 532 --- [ms-carrito] [main] c.e.m.controller.CarritoAdminController  : ADMIN - Limpiando carrito del usuario 10
2026-07-12T23:51:44.360-04:00  INFO 532 --- [ms-carrito] [main] t.c.s.AnnotationConfigContextLoaderUtils : Could not detect default configuration classes for test class [com.example.ms_carrito.controller.CarritoControllerTest]: CarritoControllerTest does not declare any static, non-private, non-final, nested classes annotated with @Configuration.
2026-07-12T23:51:44.382-04:00  INFO 532 --- [ms-carrito] [main] .b.t.c.SpringBootTestContextBootstrapper : Found @SpringBootConfiguration com.example.ms_carrito.MsCarritoApplication for test class com.example.ms_carrito.controller.CarritoControllerTest
2026-07-12T23:51:45.461-04:00  INFO 532 --- [ms-carrito] [main] c.e.m.controller.CarritoControllerTest   : Starting CarritoControllerTest using Java 21.0.8 with PID 532 (started by Usuario in C:\Users\Usuario\Desktop\Prueba_2_final\ms-carrito)
2026-07-12T23:51:45.461-04:00 DEBUG 532 --- [ms-carrito] [main] c.e.m.controller.CarritoControllerTest   : Running with Spring Boot v3.4.4, Spring v6.2.5
2026-07-12T23:51:45.463-04:00  INFO 532 --- [ms-carrito] [main] c.e.m.controller.CarritoControllerTest   : No active profile set, falling back to 1 default profile: "default"
2026-07-12T23:51:45.816-04:00  WARN 532 --- [ms-carrito] [main] r$InitializeUserDetailsManagerConfigurer : Found 2 UserDetailsService beans, with names [inMemoryUserDetailsManager, com.example.ms_carrito.service.CustomUserDetailsService#0]. Global Authentication Manager will not use a UserDetailsService for username/password login. Consider publishing a single UserDetailsService bean.
2026-07-12T23:51:45.854-04:00  WARN 532 --- [ms-carrito] [main] .s.s.UserDetailsServiceAutoConfiguration : 

Using generated security password: 2d5e0206-99b3-4624-96b7-c7a1cf175646

This generated password is for development use only. Your security configuration must be updated before running your application in production.

2026-07-12T23:51:45.860-04:00 DEBUG 532 --- [ms-carrito] [main] c.e.m.security.filter.JwtAuthFilter      : Filter 'jwtAuthFilter' configured for use
2026-07-12T23:51:45.860-04:00  INFO 532 --- [ms-carrito] [main] o.s.b.t.m.w.SpringBootMockServletContext : Initializing Spring TestDispatcherServlet ''
2026-07-12T23:51:45.861-04:00  INFO 532 --- [ms-carrito] [main] o.s.t.web.servlet.TestDispatcherServlet  : Initializing Servlet ''
2026-07-12T23:51:45.862-04:00  INFO 532 --- [ms-carrito] [main] o.s.t.web.servlet.TestDispatcherServlet  : Completed initialization in 1 ms
2026-07-12T23:51:45.868-04:00  INFO 532 --- [ms-carrito] [main] c.e.m.controller.CarritoControllerTest   : Started CarritoControllerTest in 1.48 seconds (process running for 13.564)
2026-07-12T23:51:45.884-04:00 DEBUG 532 --- [ms-carrito] [main] c.e.m.security.filter.JwtAuthFilter      : No se encontró token Bearer
2026-07-12T23:51:46.033-04:00  INFO 532 --- [ms-carrito] [main] c.e.m.controller.CarritoController       : Agregando item al carrito del usuario: testuser, producto: 1
2026-07-12T23:51:46.194-04:00 DEBUG 532 --- [ms-carrito] [main] c.e.m.security.filter.JwtAuthFilter      : No se encontró token Bearer
2026-07-12T23:51:46.195-04:00  INFO 532 --- [ms-carrito] [main] c.e.m.controller.CarritoController       : Eliminando producto 1 del carrito de testuser
2026-07-12T23:51:46.207-04:00 DEBUG 532 --- [ms-carrito] [main] c.e.m.security.filter.JwtAuthFilter      : No se encontró token Bearer
2026-07-12T23:51:46.210-04:00  INFO 532 --- [ms-carrito] [main] c.e.m.controller.CarritoController       : Actualizando cantidad del producto 1 a 3 para usuario testuser
2026-07-12T23:51:46.224-04:00 DEBUG 532 --- [ms-carrito] [main] c.e.m.security.filter.JwtAuthFilter      : No se encontró token Bearer
2026-07-12T23:51:46.225-04:00  INFO 532 --- [ms-carrito] [main] c.e.m.controller.CarritoController       : Limpiando carrito del usuario: testuser
2026-07-12T23:51:46.236-04:00 DEBUG 532 --- [ms-carrito] [main] c.e.m.security.filter.JwtAuthFilter      : No se encontró token Bearer
2026-07-12T23:51:46.236-04:00  INFO 532 --- [ms-carrito] [main] c.e.m.controller.CarritoController       : Obteniendo carrito del usuario: testuser
2026-07-12T23:51:46.275-04:00  WARN 532 --- [ms-carrito] [main] c.e.m.exception.GlobalExceptionHandler   : Carrito no encontrado: Carrito 1 no existe
2026-07-12T23:51:46.277-04:00 ERROR 532 --- [ms-carrito] [main] c.e.m.exception.GlobalExceptionHandler   : Error en tiempo de ejecución: Error inesperado

java.lang.RuntimeException: Error inesperado
	at com.example.ms_carrito.exception.GlobalExceptionHandlerTest.deberiaManejarRuntimeException(GlobalExceptionHandlerTest.java:64) ~[test-classes/:na]
	at java.base/jdk.internal.reflect.DirectMethodHandleAccessor.invoke(DirectMethodHandleAccessor.java:103) ~[na:na]
	at java.base/java.lang.reflect.Method.invoke(Method.java:580) ~[na:na]
	at org.junit.platform.commons.util.ReflectionUtils.invokeMethod(ReflectionUtils.java:767) ~[junit-platform-commons-1.11.4.jar:1.11.4]
	at org.junit.jupiter.engine.execution.MethodInvocation.proceed(MethodInvocation.java:60) ~[junit-jupiter-engine-5.11.4.jar:5.11.4]
	at org.junit.jupiter.engine.execution.InvocationInterceptorChain$ValidatingInvocation.proceed(InvocationInterceptorChain.java:131) ~[junit-jupiter-engine-5.11.4.jar:5.11.4]
	at org.junit.jupiter.engine.extension.TimeoutExtension.intercept(TimeoutExtension.java:156) ~[junit-jupiter-engine-5.11.4.jar:5.11.4]
	at org.junit.jupiter.engine.extension.TimeoutExtension.interceptTestableMethod(TimeoutExtension.java:147) ~[junit-jupiter-engine-5.11.4.jar:5.11.4]
	at org.junit.jupiter.engine.extension.TimeoutExtension.interceptTestMethod(TimeoutExtension.java:86) ~[junit-jupiter-engine-5.11.4.jar:5.11.4]
	at org.junit.jupiter.engine.execution.InterceptingExecutableInvoker$ReflectiveInterceptorCall.lambda$ofVoidMethod$0(InterceptingExecutableInvoker.java:103) ~[junit-jupiter-engine-5.11.4.jar:5.11.4]
	at org.junit.jupiter.engine.execution.InterceptingExecutableInvoker.lambda$invoke$0(InterceptingExecutableInvoker.java:93) ~[junit-jupiter-engine-5.11.4.jar:5.11.4]
	at org.junit.jupiter.engine.execution.InvocationInterceptorChain$InterceptedInvocation.proceed(InvocationInterceptorChain.java:106) ~[junit-jupiter-engine-5.11.4.jar:5.11.4]
	at org.junit.jupiter.engine.execution.InvocationInterceptorChain.proceed(InvocationInterceptorChain.java:64) ~[junit-jupiter-engine-5.11.4.jar:5.11.4]
	at org.junit.jupiter.engine.execution.InvocationInterceptorChain.chainAndInvoke(InvocationInterceptorChain.java:45) ~[junit-jupiter-engine-5.11.4.jar:5.11.4]
	at org.junit.jupiter.engine.execution.InvocationInterceptorChain.invoke(InvocationInterceptorChain.java:37) ~[junit-jupiter-engine-5.11.4.jar:5.11.4]
	at org.junit.jupiter.engine.execution.InterceptingExecutableInvoker.invoke(InterceptingExecutableInvoker.java:92) ~[junit-jupiter-engine-5.11.4.jar:5.11.4]
	at org.junit.jupiter.engine.execution.InterceptingExecutableInvoker.invoke(InterceptingExecutableInvoker.java:86) ~[junit-jupiter-engine-5.11.4.jar:5.11.4]
	at org.junit.jupiter.engine.descriptor.TestMethodTestDescriptor.lambda$invokeTestMethod$8(TestMethodTestDescriptor.java:217) ~[junit-jupiter-engine-5.11.4.jar:5.11.4]
	at org.junit.platform.engine.support.hierarchical.ThrowableCollector.execute(ThrowableCollector.java:73) ~[junit-platform-engine-1.11.4.jar:1.11.4]
	at org.junit.jupiter.engine.descriptor.TestMethodTestDescriptor.invokeTestMethod(TestMethodTestDescriptor.java:213) ~[junit-jupiter-engine-5.11.4.jar:5.11.4]
	at org.junit.jupiter.engine.descriptor.TestMethodTestDescriptor.execute(TestMethodTestDescriptor.java:138) ~[junit-jupiter-engine-5.11.4.jar:5.11.4]
	at org.junit.jupiter.engine.descriptor.TestMethodTestDescriptor.execute(TestMethodTestDescriptor.java:68) ~[junit-jupiter-engine-5.11.4.jar:5.11.4]
	at org.junit.platform.engine.support.hierarchical.NodeTestTask.lambda$executeRecursively$6(NodeTestTask.java:156) ~[junit-platform-engine-1.11.4.jar:1.11.4]
	at org.junit.platform.engine.support.hierarchical.ThrowableCollector.execute(ThrowableCollector.java:73) ~[junit-platform-engine-1.11.4.jar:1.11.4]
	at org.junit.platform.engine.support.hierarchical.NodeTestTask.lambda$executeRecursively$8(NodeTestTask.java:146) ~[junit-platform-engine-1.11.4.jar:1.11.4]
	at org.junit.platform.engine.support.hierarchical.Node.around(Node.java:137) ~[junit-platform-engine-1.11.4.jar:1.11.4]
	at org.junit.platform.engine.support.hierarchical.NodeTestTask.lambda$executeRecursively$9(NodeTestTask.java:144) ~[junit-platform-engine-1.11.4.jar:1.11.4]
	at org.junit.platform.engine.support.hierarchical.ThrowableCollector.execute(ThrowableCollector.java:73) ~[junit-platform-engine-1.11.4.jar:1.11.4]
	at org.junit.platform.engine.support.hierarchical.NodeTestTask.executeRecursively(NodeTestTask.java:143) ~[junit-platform-engine-1.11.4.jar:1.11.4]
	at org.junit.platform.engine.support.hierarchical.NodeTestTask.execute(NodeTestTask.java:100) ~[junit-platform-engine-1.11.4.jar:1.11.4]
	at java.base/java.util.ArrayList.forEach(ArrayList.java:1596) ~[na:na]
	at org.junit.platform.engine.support.hierarchical.SameThreadHierarchicalTestExecutorService.invokeAll(SameThreadHierarchicalTestExecutorService.java:41) ~[junit-platform-engine-1.11.4.jar:1.11.4]
	at org.junit.platform.engine.support.hierarchical.NodeTestTask.lambda$executeRecursively$6(NodeTestTask.java:160) ~[junit-platform-engine-1.11.4.jar:1.11.4]
	at org.junit.platform.engine.support.hierarchical.ThrowableCollector.execute(ThrowableCollector.java:73) ~[junit-platform-engine-1.11.4.jar:1.11.4]
	at org.junit.platform.engine.support.hierarchical.NodeTestTask.lambda$executeRecursively$8(NodeTestTask.java:146) ~[junit-platform-engine-1.11.4.jar:1.11.4]
	at org.junit.platform.engine.support.hierarchical.Node.around(Node.java:137) ~[junit-platform-engine-1.11.4.jar:1.11.4]
	at org.junit.platform.engine.support.hierarchical.NodeTestTask.lambda$executeRecursively$9(NodeTestTask.java:144) ~[junit-platform-engine-1.11.4.jar:1.11.4]
	at org.junit.platform.engine.support.hierarchical.ThrowableCollector.execute(ThrowableCollector.java:73) ~[junit-platform-engine-1.11.4.jar:1.11.4]
	at org.junit.platform.engine.support.hierarchical.NodeTestTask.executeRecursively(NodeTestTask.java:143) ~[junit-platform-engine-1.11.4.jar:1.11.4]
	at org.junit.platform.engine.support.hierarchical.NodeTestTask.execute(NodeTestTask.java:100) ~[junit-platform-engine-1.11.4.jar:1.11.4]
	at java.base/java.util.ArrayList.forEach(ArrayList.java:1596) ~[na:na]
	at org.junit.platform.engine.support.hierarchical.SameThreadHierarchicalTestExecutorService.invokeAll(SameThreadHierarchicalTestExecutorService.java:41) ~[junit-platform-engine-1.11.4.jar:1.11.4]
	at org.junit.platform.engine.support.hierarchical.NodeTestTask.lambda$executeRecursively$6(NodeTestTask.java:160) ~[junit-platform-engine-1.11.4.jar:1.11.4]
	at org.junit.platform.engine.support.hierarchical.ThrowableCollector.execute(ThrowableCollector.java:73) ~[junit-platform-engine-1.11.4.jar:1.11.4]
	at org.junit.platform.engine.support.hierarchical.NodeTestTask.lambda$executeRecursively$8(NodeTestTask.java:146) ~[junit-platform-engine-1.11.4.jar:1.11.4]
	at org.junit.platform.engine.support.hierarchical.Node.around(Node.java:137) ~[junit-platform-engine-1.11.4.jar:1.11.4]
	at org.junit.platform.engine.support.hierarchical.NodeTestTask.lambda$executeRecursively$9(NodeTestTask.java:144) ~[junit-platform-engine-1.11.4.jar:1.11.4]
	at org.junit.platform.engine.support.hierarchical.ThrowableCollector.execute(ThrowableCollector.java:73) ~[junit-platform-engine-1.11.4.jar:1.11.4]
	at org.junit.platform.engine.support.hierarchical.NodeTestTask.executeRecursively(NodeTestTask.java:143) ~[junit-platform-engine-1.11.4.jar:1.11.4]
	at org.junit.platform.engine.support.hierarchical.NodeTestTask.execute(NodeTestTask.java:100) ~[junit-platform-engine-1.11.4.jar:1.11.4]
	at org.junit.platform.engine.support.hierarchical.SameThreadHierarchicalTestExecutorService.submit(SameThreadHierarchicalTestExecutorService.java:35) ~[junit-platform-engine-1.11.4.jar:1.11.4]
	at org.junit.platform.engine.support.hierarchical.HierarchicalTestExecutor.execute(HierarchicalTestExecutor.java:57) ~[junit-platform-engine-1.11.4.jar:1.11.4]
	at org.junit.platform.engine.support.hierarchical.HierarchicalTestEngine.execute(HierarchicalTestEngine.java:54) ~[junit-platform-engine-1.11.4.jar:1.11.4]
	at org.junit.platform.launcher.core.EngineExecutionOrchestrator.execute(EngineExecutionOrchestrator.java:198) ~[junit-platform-launcher-1.11.4.jar:1.11.4]
	at org.junit.platform.launcher.core.EngineExecutionOrchestrator.execute(EngineExecutionOrchestrator.java:169) ~[junit-platform-launcher-1.11.4.jar:1.11.4]
	at org.junit.platform.launcher.core.EngineExecutionOrchestrator.execute(EngineExecutionOrchestrator.java:93) ~[junit-platform-launcher-1.11.4.jar:1.11.4]
	at org.junit.platform.launcher.core.EngineExecutionOrchestrator.lambda$execute$0(EngineExecutionOrchestrator.java:58) ~[junit-platform-launcher-1.11.4.jar:1.11.4]
	at org.junit.platform.launcher.core.EngineExecutionOrchestrator.withInterceptedStreams(EngineExecutionOrchestrator.java:141) ~[junit-platform-launcher-1.11.4.jar:1.11.4]
	at org.junit.platform.launcher.core.EngineExecutionOrchestrator.execute(EngineExecutionOrchestrator.java:57) ~[junit-platform-launcher-1.11.4.jar:1.11.4]
	at org.junit.platform.launcher.core.DefaultLauncher.execute(DefaultLauncher.java:103) ~[junit-platform-launcher-1.11.4.jar:1.11.4]
	at org.junit.platform.launcher.core.DefaultLauncher.execute(DefaultLauncher.java:85) ~[junit-platform-launcher-1.11.4.jar:1.11.4]
	at org.junit.platform.launcher.core.DelegatingLauncher.execute(DelegatingLauncher.java:47) ~[junit-platform-launcher-1.11.4.jar:1.11.4]
	at org.apache.maven.surefire.junitplatform.LazyLauncher.execute(LazyLauncher.java:56) ~[surefire-junit-platform-3.5.2.jar:3.5.2]
	at org.apache.maven.surefire.junitplatform.JUnitPlatformProvider.execute(JUnitPlatformProvider.java:184) ~[surefire-junit-platform-3.5.2.jar:3.5.2]
	at org.apache.maven.surefire.junitplatform.JUnitPlatformProvider.invokeAllTests(JUnitPlatformProvider.java:148) ~[surefire-junit-platform-3.5.2.jar:3.5.2]
	at org.apache.maven.surefire.junitplatform.JUnitPlatformProvider.invoke(JUnitPlatformProvider.java:122) ~[surefire-junit-platform-3.5.2.jar:3.5.2]
	at org.apache.maven.surefire.booter.ForkedBooter.runSuitesInProcess(ForkedBooter.java:385) ~[surefire-booter-3.5.2.jar:3.5.2]
	at org.apache.maven.surefire.booter.ForkedBooter.execute(ForkedBooter.java:162) ~[surefire-booter-3.5.2.jar:3.5.2]
	at org.apache.maven.surefire.booter.ForkedBooter.run(ForkedBooter.java:507) ~[surefire-booter-3.5.2.jar:3.5.2]
	at org.apache.maven.surefire.booter.ForkedBooter.main(ForkedBooter.java:495) ~[surefire-booter-3.5.2.jar:3.5.2]

2026-07-12T23:51:46.284-04:00  WARN 532 --- [ms-carrito] [main] c.e.m.exception.GlobalExceptionHandler   : Usuario no encontrado: Usuario no existe
2026-07-12T23:51:46.286-04:00  WARN 532 --- [ms-carrito] [main] c.e.m.exception.GlobalExceptionHandler   : Stock insuficiente: Sin stock
2026-07-12T23:51:46.288-04:00  WARN 532 --- [ms-carrito] [main] c.e.m.exception.GlobalExceptionHandler   : Acceso denegado - Permisos insuficientes
2026-07-12T23:51:46.291-04:00  WARN 532 --- [ms-carrito] [main] c.e.m.exception.GlobalExceptionHandler   : Argumento inválido: Argumento inválido
2026-07-12T23:51:46.294-04:00  WARN 532 --- [ms-carrito] [main] c.e.m.exception.GlobalExceptionHandler   : Item no encontrado: Item no existe
2026-07-12T23:51:46.298-04:00  WARN 532 --- [ms-carrito] [main] c.e.m.exception.GlobalExceptionHandler   : Producto no encontrado: Producto no existe
2026-07-12T23:51:46.476-04:00  WARN 532 --- [ms-carrito] [main] c.e.m.exception.GlobalExceptionHandler   : Error de validación - Campos inválidos: []
2026-07-12T23:51:46.477-04:00 ERROR 532 --- [ms-carrito] [main] c.e.m.exception.GlobalExceptionHandler   : Error inesperado: Error genérico

java.lang.Exception: Error genérico
	at com.example.ms_carrito.exception.GlobalExceptionHandlerTest.deberiaManejarGenericException(GlobalExceptionHandlerTest.java:70) ~[test-classes/:na]
	at java.base/jdk.internal.reflect.DirectMethodHandleAccessor.invoke(DirectMethodHandleAccessor.java:103) ~[na:na]
	at java.base/java.lang.reflect.Method.invoke(Method.java:580) ~[na:na]
	at org.junit.platform.commons.util.ReflectionUtils.invokeMethod(ReflectionUtils.java:767) ~[junit-platform-commons-1.11.4.jar:1.11.4]
	at org.junit.jupiter.engine.execution.MethodInvocation.proceed(MethodInvocation.java:60) ~[junit-jupiter-engine-5.11.4.jar:5.11.4]
	at org.junit.jupiter.engine.execution.InvocationInterceptorChain$ValidatingInvocation.proceed(InvocationInterceptorChain.java:131) ~[junit-jupiter-engine-5.11.4.jar:5.11.4]
	at org.junit.jupiter.engine.extension.TimeoutExtension.intercept(TimeoutExtension.java:156) ~[junit-jupiter-engine-5.11.4.jar:5.11.4]
	at org.junit.jupiter.engine.extension.TimeoutExtension.interceptTestableMethod(TimeoutExtension.java:147) ~[junit-jupiter-engine-5.11.4.jar:5.11.4]
	at org.junit.jupiter.engine.extension.TimeoutExtension.interceptTestMethod(TimeoutExtension.java:86) ~[junit-jupiter-engine-5.11.4.jar:5.11.4]
	at org.junit.jupiter.engine.execution.InterceptingExecutableInvoker$ReflectiveInterceptorCall.lambda$ofVoidMethod$0(InterceptingExecutableInvoker.java:103) ~[junit-jupiter-engine-5.11.4.jar:5.11.4]
	at org.junit.jupiter.engine.execution.InterceptingExecutableInvoker.lambda$invoke$0(InterceptingExecutableInvoker.java:93) ~[junit-jupiter-engine-5.11.4.jar:5.11.4]
	at org.junit.jupiter.engine.execution.InvocationInterceptorChain$InterceptedInvocation.proceed(InvocationInterceptorChain.java:106) ~[junit-jupiter-engine-5.11.4.jar:5.11.4]
	at org.junit.jupiter.engine.execution.InvocationInterceptorChain.proceed(InvocationInterceptorChain.java:64) ~[junit-jupiter-engine-5.11.4.jar:5.11.4]
	at org.junit.jupiter.engine.execution.InvocationInterceptorChain.chainAndInvoke(InvocationInterceptorChain.java:45) ~[junit-jupiter-engine-5.11.4.jar:5.11.4]
	at org.junit.jupiter.engine.execution.InvocationInterceptorChain.invoke(InvocationInterceptorChain.java:37) ~[junit-jupiter-engine-5.11.4.jar:5.11.4]
	at org.junit.jupiter.engine.execution.InterceptingExecutableInvoker.invoke(InterceptingExecutableInvoker.java:92) ~[junit-jupiter-engine-5.11.4.jar:5.11.4]
	at org.junit.jupiter.engine.execution.InterceptingExecutableInvoker.invoke(InterceptingExecutableInvoker.java:86) ~[junit-jupiter-engine-5.11.4.jar:5.11.4]
	at org.junit.jupiter.engine.descriptor.TestMethodTestDescriptor.lambda$invokeTestMethod$8(TestMethodTestDescriptor.java:217) ~[junit-jupiter-engine-5.11.4.jar:5.11.4]
	at org.junit.platform.engine.support.hierarchical.ThrowableCollector.execute(ThrowableCollector.java:73) ~[junit-platform-engine-1.11.4.jar:1.11.4]
	at org.junit.jupiter.engine.descriptor.TestMethodTestDescriptor.invokeTestMethod(TestMethodTestDescriptor.java:213) ~[junit-jupiter-engine-5.11.4.jar:5.11.4]
	at org.junit.jupiter.engine.descriptor.TestMethodTestDescriptor.execute(TestMethodTestDescriptor.java:138) ~[junit-jupiter-engine-5.11.4.jar:5.11.4]
	at org.junit.jupiter.engine.descriptor.TestMethodTestDescriptor.execute(TestMethodTestDescriptor.java:68) ~[junit-jupiter-engine-5.11.4.jar:5.11.4]
	at org.junit.platform.engine.support.hierarchical.NodeTestTask.lambda$executeRecursively$6(NodeTestTask.java:156) ~[junit-platform-engine-1.11.4.jar:1.11.4]
	at org.junit.platform.engine.support.hierarchical.ThrowableCollector.execute(ThrowableCollector.java:73) ~[junit-platform-engine-1.11.4.jar:1.11.4]
	at org.junit.platform.engine.support.hierarchical.NodeTestTask.lambda$executeRecursively$8(NodeTestTask.java:146) ~[junit-platform-engine-1.11.4.jar:1.11.4]
	at org.junit.platform.engine.support.hierarchical.Node.around(Node.java:137) ~[junit-platform-engine-1.11.4.jar:1.11.4]
	at org.junit.platform.engine.support.hierarchical.NodeTestTask.lambda$executeRecursively$9(NodeTestTask.java:144) ~[junit-platform-engine-1.11.4.jar:1.11.4]
	at org.junit.platform.engine.support.hierarchical.ThrowableCollector.execute(ThrowableCollector.java:73) ~[junit-platform-engine-1.11.4.jar:1.11.4]
	at org.junit.platform.engine.support.hierarchical.NodeTestTask.executeRecursively(NodeTestTask.java:143) ~[junit-platform-engine-1.11.4.jar:1.11.4]
	at org.junit.platform.engine.support.hierarchical.NodeTestTask.execute(NodeTestTask.java:100) ~[junit-platform-engine-1.11.4.jar:1.11.4]
	at java.base/java.util.ArrayList.forEach(ArrayList.java:1596) ~[na:na]
	at org.junit.platform.engine.support.hierarchical.SameThreadHierarchicalTestExecutorService.invokeAll(SameThreadHierarchicalTestExecutorService.java:41) ~[junit-platform-engine-1.11.4.jar:1.11.4]
	at org.junit.platform.engine.support.hierarchical.NodeTestTask.lambda$executeRecursively$6(NodeTestTask.java:160) ~[junit-platform-engine-1.11.4.jar:1.11.4]
	at org.junit.platform.engine.support.hierarchical.ThrowableCollector.execute(ThrowableCollector.java:73) ~[junit-platform-engine-1.11.4.jar:1.11.4]
	at org.junit.platform.engine.support.hierarchical.NodeTestTask.lambda$executeRecursively$8(NodeTestTask.java:146) ~[junit-platform-engine-1.11.4.jar:1.11.4]
	at org.junit.platform.engine.support.hierarchical.Node.around(Node.java:137) ~[junit-platform-engine-1.11.4.jar:1.11.4]
	at org.junit.platform.engine.support.hierarchical.NodeTestTask.lambda$executeRecursively$9(NodeTestTask.java:144) ~[junit-platform-engine-1.11.4.jar:1.11.4]
	at org.junit.platform.engine.support.hierarchical.ThrowableCollector.execute(ThrowableCollector.java:73) ~[junit-platform-engine-1.11.4.jar:1.11.4]
	at org.junit.platform.engine.support.hierarchical.NodeTestTask.executeRecursively(NodeTestTask.java:143) ~[junit-platform-engine-1.11.4.jar:1.11.4]
	at org.junit.platform.engine.support.hierarchical.NodeTestTask.execute(NodeTestTask.java:100) ~[junit-platform-engine-1.11.4.jar:1.11.4]
	at java.base/java.util.ArrayList.forEach(ArrayList.java:1596) ~[na:na]
	at org.junit.platform.engine.support.hierarchical.SameThreadHierarchicalTestExecutorService.invokeAll(SameThreadHierarchicalTestExecutorService.java:41) ~[junit-platform-engine-1.11.4.jar:1.11.4]
	at org.junit.platform.engine.support.hierarchical.NodeTestTask.lambda$executeRecursively$6(NodeTestTask.java:160) ~[junit-platform-engine-1.11.4.jar:1.11.4]
	at org.junit.platform.engine.support.hierarchical.ThrowableCollector.execute(ThrowableCollector.java:73) ~[junit-platform-engine-1.11.4.jar:1.11.4]
	at org.junit.platform.engine.support.hierarchical.NodeTestTask.lambda$executeRecursively$8(NodeTestTask.java:146) ~[junit-platform-engine-1.11.4.jar:1.11.4]
	at org.junit.platform.engine.support.hierarchical.Node.around(Node.java:137) ~[junit-platform-engine-1.11.4.jar:1.11.4]
	at org.junit.platform.engine.support.hierarchical.NodeTestTask.lambda$executeRecursively$9(NodeTestTask.java:144) ~[junit-platform-engine-1.11.4.jar:1.11.4]
	at org.junit.platform.engine.support.hierarchical.ThrowableCollector.execute(ThrowableCollector.java:73) ~[junit-platform-engine-1.11.4.jar:1.11.4]
	at org.junit.platform.engine.support.hierarchical.NodeTestTask.executeRecursively(NodeTestTask.java:143) ~[junit-platform-engine-1.11.4.jar:1.11.4]
	at org.junit.platform.engine.support.hierarchical.NodeTestTask.execute(NodeTestTask.java:100) ~[junit-platform-engine-1.11.4.jar:1.11.4]
	at org.junit.platform.engine.support.hierarchical.SameThreadHierarchicalTestExecutorService.submit(SameThreadHierarchicalTestExecutorService.java:35) ~[junit-platform-engine-1.11.4.jar:1.11.4]
	at org.junit.platform.engine.support.hierarchical.HierarchicalTestExecutor.execute(HierarchicalTestExecutor.java:57) ~[junit-platform-engine-1.11.4.jar:1.11.4]
	at org.junit.platform.engine.support.hierarchical.HierarchicalTestEngine.execute(HierarchicalTestEngine.java:54) ~[junit-platform-engine-1.11.4.jar:1.11.4]
	at org.junit.platform.launcher.core.EngineExecutionOrchestrator.execute(EngineExecutionOrchestrator.java:198) ~[junit-platform-launcher-1.11.4.jar:1.11.4]
	at org.junit.platform.launcher.core.EngineExecutionOrchestrator.execute(EngineExecutionOrchestrator.java:169) ~[junit-platform-launcher-1.11.4.jar:1.11.4]
	at org.junit.platform.launcher.core.EngineExecutionOrchestrator.execute(EngineExecutionOrchestrator.java:93) ~[junit-platform-launcher-1.11.4.jar:1.11.4]
	at org.junit.platform.launcher.core.EngineExecutionOrchestrator.lambda$execute$0(EngineExecutionOrchestrator.java:58) ~[junit-platform-launcher-1.11.4.jar:1.11.4]
	at org.junit.platform.launcher.core.EngineExecutionOrchestrator.withInterceptedStreams(EngineExecutionOrchestrator.java:141) ~[junit-platform-launcher-1.11.4.jar:1.11.4]
	at org.junit.platform.launcher.core.EngineExecutionOrchestrator.execute(EngineExecutionOrchestrator.java:57) ~[junit-platform-launcher-1.11.4.jar:1.11.4]
	at org.junit.platform.launcher.core.DefaultLauncher.execute(DefaultLauncher.java:103) ~[junit-platform-launcher-1.11.4.jar:1.11.4]
	at org.junit.platform.launcher.core.DefaultLauncher.execute(DefaultLauncher.java:85) ~[junit-platform-launcher-1.11.4.jar:1.11.4]
	at org.junit.platform.launcher.core.DelegatingLauncher.execute(DelegatingLauncher.java:47) ~[junit-platform-launcher-1.11.4.jar:1.11.4]
	at org.apache.maven.surefire.junitplatform.LazyLauncher.execute(LazyLauncher.java:56) ~[surefire-junit-platform-3.5.2.jar:3.5.2]
	at org.apache.maven.surefire.junitplatform.JUnitPlatformProvider.execute(JUnitPlatformProvider.java:184) ~[surefire-junit-platform-3.5.2.jar:3.5.2]
	at org.apache.maven.surefire.junitplatform.JUnitPlatformProvider.invokeAllTests(JUnitPlatformProvider.java:148) ~[surefire-junit-platform-3.5.2.jar:3.5.2]
	at org.apache.maven.surefire.junitplatform.JUnitPlatformProvider.invoke(JUnitPlatformProvider.java:122) ~[surefire-junit-platform-3.5.2.jar:3.5.2]
	at org.apache.maven.surefire.booter.ForkedBooter.runSuitesInProcess(ForkedBooter.java:385) ~[surefire-booter-3.5.2.jar:3.5.2]
	at org.apache.maven.surefire.booter.ForkedBooter.execute(ForkedBooter.java:162) ~[surefire-booter-3.5.2.jar:3.5.2]
	at org.apache.maven.surefire.booter.ForkedBooter.run(ForkedBooter.java:507) ~[surefire-booter-3.5.2.jar:3.5.2]
	at org.apache.maven.surefire.booter.ForkedBooter.main(ForkedBooter.java:495) ~[surefire-booter-3.5.2.jar:3.5.2]

2026-07-12T23:51:46.485-04:00  INFO 532 --- [ms-carrito] [main] t.c.s.AnnotationConfigContextLoaderUtils : Could not detect default configuration classes for test class [com.example.ms_carrito.MsCarritoApplicationTests]: MsCarritoApplicationTests does not declare any static, non-private, non-final, nested classes annotated with @Configuration.
2026-07-12T23:51:46.520-04:00  INFO 532 --- [ms-carrito] [main] .b.t.c.SpringBootTestContextBootstrapper : Found @SpringBootConfiguration com.example.ms_carrito.MsCarritoApplication for test class com.example.ms_carrito.MsCarritoApplicationTests
2026-07-12T23:51:47.592-04:00  INFO 532 --- [ms-carrito] [main] c.e.m.MsCarritoApplicationTests          : Starting MsCarritoApplicationTests using Java 21.0.8 with PID 532 (started by Usuario in C:\Users\Usuario\Desktop\Prueba_2_final\ms-carrito)
2026-07-12T23:51:47.592-04:00 DEBUG 532 --- [ms-carrito] [main] c.e.m.MsCarritoApplicationTests          : Running with Spring Boot v3.4.4, Spring v6.2.5
2026-07-12T23:51:47.593-04:00  INFO 532 --- [ms-carrito] [main] c.e.m.MsCarritoApplicationTests          : The following 1 profile is active: "test"
2026-07-12T23:51:48.252-04:00  INFO 532 --- [ms-carrito] [main] .s.d.r.c.RepositoryConfigurationDelegate : Bootstrapping Spring Data JPA repositories in DEFAULT mode.
2026-07-12T23:51:48.352-04:00  INFO 532 --- [ms-carrito] [main] .s.d.r.c.RepositoryConfigurationDelegate : Finished Spring Data repository scanning in 83 ms. Found 1 JPA repository interface.
2026-07-12T23:51:48.619-04:00  INFO 532 --- [ms-carrito] [main] o.s.cloud.context.scope.GenericScope     : BeanFactory id=204ac420-8a9c-3231-8191-ed3a6efb4a20
2026-07-12T23:51:48.930-04:00  INFO 532 --- [ms-carrito] [main] o.hibernate.jpa.internal.util.LogHelper  : HHH000204: Processing PersistenceUnitInfo [name: default]
2026-07-12T23:51:49.037-04:00  INFO 532 --- [ms-carrito] [main] org.hibernate.Version                    : HHH000412: Hibernate ORM core version 6.6.11.Final
2026-07-12T23:51:49.103-04:00  INFO 532 --- [ms-carrito] [main] o.h.c.internal.RegionFactoryInitiator    : HHH000026: Second-level cache disabled
2026-07-12T23:51:49.333-04:00  INFO 532 --- [ms-carrito] [main] o.s.o.j.p.SpringPersistenceUnitInfo      : No LoadTimeWeaver setup: ignoring JPA class transformer
2026-07-12T23:51:49.386-04:00  INFO 532 --- [ms-carrito] [main] com.zaxxer.hikari.HikariDataSource       : HikariPool-1 - Starting...
2026-07-12T23:51:49.773-04:00  INFO 532 --- [ms-carrito] [main] com.zaxxer.hikari.pool.HikariPool        : HikariPool-1 - Added connection conn0: url=jdbc:h2:mem:testdb user=SA
2026-07-12T23:51:49.777-04:00  INFO 532 --- [ms-carrito] [main] com.zaxxer.hikari.HikariDataSource       : HikariPool-1 - Start completed.
2026-07-12T23:51:49.895-04:00  INFO 532 --- [ms-carrito] [main] org.hibernate.orm.connections.pooling    : HHH10001005: Database info:
	Database JDBC URL [Connecting through datasource 'HikariDataSource (HikariPool-1)']
	Database driver: undefined/unknown
	Database version: 2.3.232
	Autocommit mode: undefined/unknown
	Isolation level: undefined/unknown
	Minimum pool size: undefined/unknown
	Maximum pool size: undefined/unknown
2026-07-12T23:51:51.334-04:00  INFO 532 --- [ms-carrito] [main] o.h.e.t.j.p.i.JtaPlatformInitiator       : HHH000489: No JTA platform available (set 'hibernate.transaction.jta.platform' to enable JTA platform integration)
2026-07-12T23:51:51.424-04:00  INFO 532 --- [ms-carrito] [main] j.LocalContainerEntityManagerFactoryBean : Initialized JPA EntityManagerFactory for persistence unit 'default'
2026-07-12T23:51:52.227-04:00  WARN 532 --- [ms-carrito] [main] JpaBaseConfiguration$JpaWebConfiguration : spring.jpa.open-in-view is enabled by default. Therefore, database queries may be performed during view rendering. Explicitly configure spring.jpa.open-in-view to disable this warning
2026-07-12T23:51:52.319-04:00  INFO 532 --- [ms-carrito] [main] r$InitializeUserDetailsManagerConfigurer : Global AuthenticationManager configured with UserDetailsService bean with name customUserDetailsService
2026-07-12T23:51:53.873-04:00  INFO 532 --- [ms-carrito] [main] o.s.cloud.commons.util.InetUtils         : Cannot determine local hostname
2026-07-12T23:51:53.881-04:00  INFO 532 --- [ms-carrito] [main] DiscoveryClientOptionalArgsConfiguration : Eureka HTTP Client uses RestTemplate.
2026-07-12T23:51:53.931-04:00  WARN 532 --- [ms-carrito] [main] iguration$LoadBalancerCaffeineWarnLogger : Spring Cloud LoadBalancer is currently working with the default cache. While this cache implementation is useful for development and tests, it's recommended to use Caffeine cache in production.You can switch to using Caffeine cache, by adding it and org.springframework.cache.caffeine.CaffeineCacheManager to the classpath.
2026-07-12T23:51:53.951-04:00  INFO 532 --- [ms-carrito] [main] c.e.m.MsCarritoApplicationTests          : Started MsCarritoApplicationTests in 7.422 seconds (process running for 21.647)
2026-07-12T23:51:54.093-04:00 DEBUG 532 --- [ms-carrito] [main] c.e.m.security.filter.JwtAuthFilter      : No se encontró token Bearer
2026-07-12T23:51:54.100-04:00 ERROR 532 --- [ms-carrito] [main] c.e.m.security.filter.JwtAuthFilter      : Error procesando token JWT: Error de parseo
2026-07-12T23:51:54.103-04:00  WARN 532 --- [ms-carrito] [main] c.e.m.security.filter.JwtAuthFilter      : Token inválido o expirado
2026-07-12T23:51:54.106-04:00 DEBUG 532 --- [ms-carrito] [main] c.e.m.security.filter.JwtAuthFilter      : No se encontró token Bearer
2026-07-12T23:51:54.114-04:00  INFO 532 --- [ms-carrito] [main] c.e.m.security.filter.JwtAuthFilter      : Usuario autenticado: testuser con rol USER
2026-07-12T23:51:54.240-04:00  WARN 532 --- [ms-carrito] [main] c.e.ms_carrito.security.jwt.JwtService   : Error al extraer username: Invalid compact JWT string: Compact JWSs must contain exactly 2 period characters, and compact JWEs must contain exactly 4.  Found: 0
2026-07-12T23:51:54.277-04:00  WARN 532 --- [ms-carrito] [main] c.e.ms_carrito.security.jwt.JwtService   : Token inválido: JWT expired 600275 milliseconds ago at 2026-07-13T03:41:54.000Z. Current time: 2026-07-13T03:51:54.275Z. Allowed clock skew: 0 milliseconds.
2026-07-12T23:51:54.278-04:00  WARN 532 --- [ms-carrito] [main] c.e.ms_carrito.security.jwt.JwtService   : Error al extraer role: Invalid compact JWT string: Compact JWSs must contain exactly 2 period characters, and compact JWEs must contain exactly 4.  Found: 0
2026-07-12T23:51:54.294-04:00  WARN 532 --- [ms-carrito] [main] c.e.ms_carrito.security.jwt.JwtService   : Token inválido: Invalid compact JWT string: Compact JWSs must contain exactly 2 period characters, and compact JWEs must contain exactly 4.  Found: 0
2026-07-12T23:51:54.512-04:00  INFO 532 --- [ms-carrito] [main] c.e.ms_carrito.service.CarritoService    : Agregando item al carrito del usuario: testuser, producto: 1
2026-07-12T23:51:54.512-04:00  WARN 532 --- [ms-carrito] [main] c.e.ms_carrito.service.CarritoService    : Stock insuficiente para producto Producto A: stock=1, solicitado=5
2026-07-12T23:51:54.520-04:00  INFO 532 --- [ms-carrito] [main] c.e.ms_carrito.service.CarritoService    : Eliminando producto 99 del carrito del usuario: testuser
2026-07-12T23:51:54.520-04:00 DEBUG 532 --- [ms-carrito] [main] c.e.ms_carrito.service.CarritoService    : Buscando carrito por usuario ID: 1
2026-07-12T23:51:54.521-04:00  WARN 532 --- [ms-carrito] [main] c.e.ms_carrito.service.CarritoService    : Producto 99 no encontrado en el carrito del usuario testuser
2026-07-12T23:51:54.525-04:00  INFO 532 --- [ms-carrito] [main] c.e.ms_carrito.service.CarritoService    : Agregando item al carrito del usuario: noexiste, producto: 1
2026-07-12T23:51:54.526-04:00  WARN 532 --- [ms-carrito] [main] c.e.ms_carrito.service.CarritoService    : Usuario no existe: noexiste
2026-07-12T23:51:54.531-04:00  INFO 532 --- [ms-carrito] [main] c.e.ms_carrito.service.CarritoService    : Limpiando carrito del usuario: testuser
2026-07-12T23:51:54.531-04:00 DEBUG 532 --- [ms-carrito] [main] c.e.ms_carrito.service.CarritoService    : Buscando carrito por usuario ID: 1
2026-07-12T23:51:54.531-04:00  INFO 532 --- [ms-carrito] [main] c.e.ms_carrito.service.CarritoService    : Carrito limpiado para usuario: testuser
2026-07-12T23:51:54.538-04:00  INFO 532 --- [ms-carrito] [main] c.e.ms_carrito.service.CarritoService    : Eliminando producto 1 del carrito del usuario: testuser
2026-07-12T23:51:54.538-04:00 DEBUG 532 --- [ms-carrito] [main] c.e.ms_carrito.service.CarritoService    : Buscando carrito por usuario ID: 1
2026-07-12T23:51:54.538-04:00 DEBUG 532 --- [ms-carrito] [main] c.e.ms_carrito.service.CarritoService    : Producto eliminado del carrito
2026-07-12T23:51:54.544-04:00  INFO 532 --- [ms-carrito] [main] c.e.ms_carrito.service.CarritoService    : Actualizando cantidad para producto 1 del usuario testuser a 5
2026-07-12T23:51:54.544-04:00 DEBUG 532 --- [ms-carrito] [main] c.e.ms_carrito.service.CarritoService    : Buscando carrito por usuario ID: 1
2026-07-12T23:51:54.546-04:00 DEBUG 532 --- [ms-carrito] [main] c.e.ms_carrito.service.CarritoService    : Cantidad actualizada a 5
2026-07-12T23:51:54.551-04:00 DEBUG 532 --- [ms-carrito] [main] c.e.ms_carrito.service.CarritoService    : Obteniendo carrito del usuario: testuser
2026-07-12T23:51:54.551-04:00 DEBUG 532 --- [ms-carrito] [main] c.e.ms_carrito.service.CarritoService    : Buscando carrito por usuario ID: 1
2026-07-12T23:51:54.560-04:00  INFO 532 --- [ms-carrito] [main] c.e.ms_carrito.service.CarritoService    : Agregando item al carrito del usuario: testuser, producto: 1
2026-07-12T23:51:54.563-04:00 DEBUG 532 --- [ms-carrito] [main] c.e.ms_carrito.service.CarritoService    : Nuevo item agregado: Producto A x 2
2026-07-12T23:51:54.563-04:00  INFO 532 --- [ms-carrito] [main] c.e.ms_carrito.service.CarritoService    : Carrito actualizado para usuario: testuser
2026-07-12T23:51:54.568-04:00 DEBUG 532 --- [ms-carrito] [main] c.e.ms_carrito.service.CarritoService    : Obteniendo carrito del usuario: testuser
2026-07-12T23:51:54.569-04:00 DEBUG 532 --- [ms-carrito] [main] c.e.ms_carrito.service.CarritoService    : Buscando carrito por usuario ID: 1
2026-07-12T23:51:54.569-04:00  WARN 532 --- [ms-carrito] [main] c.e.ms_carrito.service.CarritoService    : Carrito no encontrado para usuario ID: 1
2026-07-12T23:51:54.576-04:00 DEBUG 532 --- [ms-carrito] [main] c.e.m.service.CustomUserDetailsService   : Cargando UserDetails para usuario: testuser
2026-07-12T23:51:55.025-04:00  INFO 532 --- [ms-carrito] [SpringApplicationShutdownHook] j.LocalContainerEntityManagerFactoryBean : Closing JPA EntityManagerFactory for persistence unit 'default'
2026-07-12T23:51:55.030-04:00  INFO 532 --- [ms-carrito] [SpringApplicationShutdownHook] com.zaxxer.hikari.HikariDataSource       : HikariPool-1 - Shutdown initiated...
2026-07-12T23:51:55.033-04:00  INFO 532 --- [ms-carrito] [SpringApplicationShutdownHook] com.zaxxer.hikari.HikariDataSource       : HikariPool-1 - Shutdown completed.
